Arrival Chickens Date;Chickens Death Per Day;Current Chickens;Date of Laid;# of Eggs;% laied;Water Consuption (gr);Feed Consuption (gr);Date of Selling;# Eggs sold (First quality);# Eggs sold (Second quality)
18/10/2016;;19100;23/12/2016;2160;11,31%;;;23/12/2016;0;0
;;19100;24/12/2016;;0,00%;;;24/12/2016;0;0
;;19100;25/12/2016;2790;14,61%;;;25/12/2016;0;0
;;19100;26/12/2016;;0,00%;;;26/12/2016;0;0
;20;19080;27/12/2016;5130;26,89%;;;27/12/2016;0;0
;;19080;28/12/2016;3450;18,08%;;;28/12/2016;0;0
;2;19078;29/12/2016;4500;23,59%;;;29/12/2016;30240;0
;;19078;30/12/2016;4590;24,06%;;;30/12/2016;0;0
;2;19076;31/12/2016;6480;33,97%;;;31/12/2016;0;0
;;19076;01/01/2017;7470;39,16%;;;01/01/2017;0;0
;4;19072;02/01/2017;8430;44,20%;;;02/01/2017;0;0
;5;19059;03/01/2017;9030;47,38%;;;03/01/2017;32400;0
;3;19056;04/01/2017;12120;63,60%;;;04/01/2017;10800;0
;4;19052;05/01/2017;11760;61,73%;;;05/01/2017;15120;0
;13;19039;06/01/2017;13330;70,01%;;;06/01/2017;0;0
;29;19010;07/01/2017;14410;75,80%;;;07/01/2017;23580;0
;1;19009;08/01/2017;14900;78,38%;;;08/01/2017;0;0
;3;19006;09/01/2017;15510;81,61%;;;09/01/2017;32400;0
;5;19001;10/01/2017;16510;86,89%;;;10/01/2017;16200;0
;2;18999;11/01/2017;16500;86,85%;;;11/01/2017;16020;0
;7;18992;12/01/2017;17130;90,20%;;;12/01/2017;16200;0
;4;18988;13/01/2017;16920;89,11%;;;13/01/2017;15120;0
;7;18981;14/01/2017;17820;93,88%;;;14/01/2017;16020;0
;6;18975;15/01/2017;17050;89,86%;;;15/01/2017;0;0
;3;18972;16/01/2017;17810;93,88%;;;16/01/2017;35790;9830
;0;18972;17/01/2017;17700;93,30%;;;17/01/2017;15120;0
;6;18966;18/01/2017;18130;95,59%;;;18/01/2017;16200;0
;1;18965;19/01/2017;18000;94,91%;;;19/01/2017;19680;0
;3;18962;20/01/2017;18110;95,51%;;;20/01/2017;16020;
;4;18958;21/01/2017;17480;92,20%;;;21/01/2017;19080;
;1;18957;22/01/2017;18430;97,22%;;;22/01/2017;;
;0;18957;23/01/2017;18350;96,80%;;;23/01/2017;35100;
;0;18957;24/01/2017;17900;94,42%;;;24/01/2017;15120;
;0;18957;25/01/2017;18310;96,59%;;;25/01/2017;19530;
;7;18950;26/01/2017;18220;96,15%;;;26/01/2017;14520;
;2;18948;27/01/2017;18020;95,10%;;;27/01/2017;19410;
;9;18939;28/01/2017;17720;93,56%;;;28/01/2017;14760;
;2;18937;29/01/2017;17670;93,31%;;;29/01/2017;;
;115;18822;30/01/2017;18270;97,07%;;;30/01/2017;34170;
;2;18820;31/01/2017;18750;99,63%;;;31/01/2017;19500;
;1;18819;01/02/2017;18010;95,70%;;;01/02/2017;19440;
;4;18815;02/02/2017;18090;96,15%;;;02/02/2017;14670;
;0;18815;03/02/2017;18120;96,31%;;;03/02/2017;18299;
;1;18814;04/02/2017;18460;98,12%;;;04/02/2017;14640;
;0;18814;05/02/2017;18540;98,54%;;;05/02/2017;;
;0;18814;06/02/2017;17970;95,51%;;;06/02/2017;33870;
;0;18814;07/02/2017;18100;96,20%;;;07/02/2017;19650;8130
;1;18813;08/02/2017;18330;97,43%;;;08/02/2017;;
;2;18811;09/02/2017;18130;96,38%;;;09/02/2017;33990;
;1;18810;10/02/2017;18140;96,44%;;;10/02/2017;;
;2;18808;11/02/2017;18370;97,67%;;;11/02/2017;;
;0;18808;12/02/2017;18110;96,29%;;;12/02/2017;;
;2;18806;13/02/2017;18240;96,99%;;;13/02/2017;34200;
;0;18806;14/02/2017;17740;94,33%;;;14/02/2017;53580;
;1;18805;15/02/2017;18260;97,10%;;;15/02/2017;;
;0;18805;16/02/2017;18170;96,62%;;;16/02/2017;34230;
;0;18805;17/02/2017;18210;96,84%;;;17/02/2017;;
;0;18805;18/02/2017;18390;97,79%;;;18/02/2017;;
;0;18805;19/02/2017;18540;98,59%;;;19/02/2017;;
;1;18804;20/02/2017;18090;96,20%;;;20/02/2017;;
;0;18804;21/02/2017;18320;97,43%;;;21/02/2017;;
;5;18799;22/02/2017;18590;98,89%;;;22/02/2017;;
;6;18793;23/02/2017;18280;97,27%;;;23/02/2017;126480;
;0;18793;24/02/2017;18480;98,33%;;;24/02/2017;;
;0;18793;25/02/2017;18510;98,49%;;;25/02/2017;;
;1;18792;26/02/2017;18370;97,75%;;;26/02/2017;;
;0;18792;27/02/2017;17900;95,25%;;;27/02/2017;;
;0;18792;28/02/2017;18500;98,45%;;;28/02/2017;87990;
;0;18792;01/03/2017;18390;97,86%;;;01/03/2017;;
;0;18792;02/03/2017;18440;98,13%;;;02/03/2017;34140;
;0;18792;03/03/2017;18540;98,66%;;;03/03/2017;;
;2;18790;04/03/2017;18310;97,45%;;;04/03/2017;;
;0;18790;05/03/2017;18530;98,62%;;;05/03/2017;;
;2;18788;06/03/2017;17630;93,84%;;;06/03/2017;73410;
;0;18788;07/03/2017;18350;97,67%;;;07/03/2017;;
;1;18787;08/03/2017;18570;98,84%;;;08/03/2017;;
;3;18784;09/03/2017;18040;96,04%;;;09/03/2017;53250;
;1;18783;10/03/2017;18480;98,39%;;;10/03/2017;;
;1;18782;11/03/2017;18860;100,42%;;;11/03/2017;;
;3;18779;12/03/2017;17970;95,69%;;;12/03/2017;;
;1;18778;13/03/2017;17910;95,38%;;;13/03/2017;72780;
;2;18776;14/03/2017;18260;97,25%;;;14/03/2017;;
;1;18775;15/03/2017;19300;102,80%;;;15/03/2017;;
;1;18774;16/03/2017;18270;97,32%;;;16/03/2017;53880;4840
;2;18772;17/03/2017;18570;98,92%;;;17/03/2017;;
;3;18769;18/03/2017;17690;94,25%;;;18/03/2017;;
;1;18768;19/03/2017;20010;106,62%;;;19/03/2017;;
;3;18765;20/03/2017;17850;95,12%;;;20/03/2017;68220;
;3;18762;21/03/2017;18910;100,79%;;;21/03/2017;;
;3;18759;22/03/2017;18570;98,99%;;;22/03/2017;;
;5;18754;23/03/2017;18300;97,58%;;;23/03/2017;53790;5660
;6;18748;24/03/2017;17940;95,69%;;;24/03/2017;19440;
;15;18733;25/03/2017;18260;97,48%;;;25/03/2017;19710;
;4;18729;26/03/2017;18590;99,26%;;;26/03/2017;;
;12;18717;27/03/2017;18120;96,81%;;;27/03/2017;34170;
;17;18700;28/03/2017;17970;96,10%;;;28/03/2017;19420;
;9;18691;29/03/2017;18540;99,19%;;;29/03/2017;14430;
;5;18686;30/03/2017;17760;95,04%;;;30/03/2017;19710;
;7;18679;31/03/2017;17480;93,58%;;;31/03/2017;18810;
;4;18675;01/04/2017;18600;99,60%;;;01/04/2017;14850;
;9;18666;02/04/2017;18050;96,70%;;;02/04/2017;;
;6;18660;03/04/2017;16980;91,00%;;;03/04/2017;39090;
;4;18656;04/04/2017;18960;101,63%;;;04/04/2017;14430;
;7;18649;05/04/2017;17360;93,09%;;;05/04/2017;19680;
;7;18642;06/04/2017;17860;95,81%;;;06/04/2017;14610;3120
;4;18638;07/04/2017;19320;103,66%;;;07/04/2017;19320;
;1;18637;08/04/2017;17910;96,10%;;;08/04/2017;19500;
;1;18636;09/04/2017;18480;99,16%;;;09/04/2017;;
;1;18635;10/04/2017;17340;93,05%;;;10/04/2017;33750;
;1;18634;11/04/2017;18100;97,13%;;;11/04/2017;19620;
;5;18629;12/04/2017;18030;96,78%;;;12/04/2017;17280;
;8;18621;13/04/2017;16980;91,19%;;;13/04/2017;15120;3720
;6;18615;14/04/2017;19040;102,28%;;;14/04/2017;19500;
;4;18611;15/04/2017;15180;81,56%;;;15/04/2017;14410;
;1;18610;16/04/2017;20250;108,81%;;;16/04/2017;;
;3;18607;17/04/2017;13910;74,76%;;;17/04/2017;;
;2;18605;18/04/2017;19970;107,34%;;;18/04/2017;53610;
;6;18599;19/04/2017;18600;100,01%;;;19/04/2017;19260;
;3;18596;20/04/2017;18590;99,97%;;;20/04/2017;19470;3190
;2;18594;21/04/2017;17900;96,27%;;;21/04/2017;14580;
;2;18592;22/04/2017;17730;95,36%;;;22/04/2017;19500;
;2;18590;23/04/2017;18410;99,03%;;;23/04/2017;;
;2;18588;24/04/2017;17930;96,46%;;;24/04/2017;34020;
;3;18585;25/04/2017;17980;96,74%;;;25/04/2017;;
;2;18583;26/04/2017;18050;97,13%;;;26/04/2017;39060;
;1;18582;27/04/2017;18160;97,73%;;;27/04/2017;14310;
;1;18581;28/04/2017;16990;91,44%;;;28/04/2017;19440;
;0;18581;29/04/2017;19040;102,47%;;;29/04/2017;19200;
;12;18569;30/04/2017;17870;96,24%;;;30/04/2017;;
;1;18568;01/05/2017;17950;96,67%;;;01/05/2017;;
;0;18568;02/05/2017;17690;95,27%;;;02/05/2017;52770;
;4;18564;03/05/2017;18400;99,12%;;;03/05/2017;14310;
;3;18561;04/05/2017;17750;95,63%;;;04/05/2017;19620;
;11;18550;05/05/2017;18130;97,74%;;;05/05/2017;18170;
;3;18547;06/05/2017;17680;95,33%;;;06/05/2017;14220;
;2;18545;07/05/2017;18180;98,03%;;;07/05/2017;;
;2;18543;08/05/2017;17330;93,46%;;;08/05/2017;33930;
;2;18541;09/05/2017;19540;105,39%;;;09/05/2017;18170;
;3;18538;10/05/2017;18000;97,10%;;;10/05/2017;18320;
;2;18536;11/05/2017;18040;97,32%;;;11/05/2017;19080;
;3;18533;12/05/2017;18140;97,88%;;;12/05/2017;18090;
;0;18533;13/05/2017;16410;88,54%;;;13/05/2017;16380;
;2;18531;14/05/2017;18770;101,29%;;;14/05/2017;;
;0;18531;15/05/2017;18570;100,21%;;;15/05/2017;37140;
;0;18531;16/05/2017;17690;95,46%;;;16/05/2017;17640;
;0;18531;17/05/2017;17340;93,57%;;;17/05/2017;17280;
;7;18524;18/05/2017;17940;96,85%;;;18/05/2017;17910;
;3;18521;19/05/2017;17790;96,05%;;;19/05/2017;17760;
;8;18513;20/05/2017;17330;93,61%;;;20/05/2017;17280;
;5;18508;21/05/2017;17160;92,72%;;;21/05/2017;;
;2;18506;22/05/2017;18240;98,56%;;;22/05/2017;35310;
;2;18504;23/05/2017;17170;92,79%;;;23/05/2017;17130;
;6;18498;24/05/2017;16440;88,87%;;;24/05/2017;16410;
;5;18493;25/05/2017;16930;91,55%;;;25/05/2017;16890;3180
;0;18493;26/05/2017;19220;103,93%;;;26/05/2017;19170;
;10;18483;27/05/2017;16660;90,14%;;;27/05/2017;16620;
;20;18463;28/05/2017;18350;99,39%;;;28/05/2017;;
;6;18457;29/05/2017;15570;84,36%;;;29/05/2017;33840;
;4;18453;30/05/2017;17040;92,34%;;;30/05/2017;17010;
;0;18453;31/05/2017;16980;92,02%;;;31/05/2017;16920;
;4;18449;01/06/2017;24940;135,18%;;;01/06/2017;16260;8640
;3;18446;02/06/2017;16060;87,06%;;;02/06/2017;;
;0;18446;03/06/2017;19500;105,71%;;;03/06/2017;;
;4;18442;04/06/2017;16930;91,80%;;;04/06/2017;;
;2;18440;05/06/2017;17750;96,26%;;;05/06/2017;;
;3;18437;06/06/2017;17490;94,86%;;;06/06/2017;;
;5;18432;07/06/2017;8310;45,08%;;;07/06/2017;;
;2;18430;08/06/2017;14950;81,12%;;;08/06/2017;;
;3;18427;09/06/2017;16950;91,98%;;;09/06/2017;127560;
;5;18422;10/06/2017;16840;91,41%;;;10/06/2017;;
;3;18419;11/06/2017;17880;97,07%;;;11/06/2017;;
;4;18415;12/06/2017;16680;90,58%;;;12/06/2017;51270;
;6;18409;13/06/2017;16780;91,15%;;;13/06/2017;;
;0;18409;14/06/2017;17220;93,54%;;;14/06/2017;33900;
;6;18403;15/06/2017;17390;94,50%;;;15/06/2017;;
;9;18394;16/06/2017;16360;88,94%;;;16/06/2017;33660;
;2;18392;17/06/2017;17490;95,10%;;;17/06/2017;;
;0;18392;18/06/2017;16910;91,94%;;;18/06/2017;;
;5;18387;19/06/2017;17460;94,96%;;;19/06/2017;51690;
;7;18380;20/06/2017;18450;100,38%;;;20/06/2017;;
;3;18377;21/06/2017;16680;90,77%;;;21/06/2017;34980;
;5;18372;22/06/2017;18090;98,47%;;;22/06/2017;;
;3;18369;23/06/2017;15520;84,49%;;;23/06/2017;33510;
;0;18369;24/06/2017;16770;91,30%;;;24/06/2017;;
;3;18366;25/06/2017;18570;101,11%;;;25/06/2017;;
;5;18361;26/06/2017;16710;91,01%;;;26/06/2017;51840;
;6;18355;27/06/2017;18150;98,88%;;;27/06/2017;;
;3;18352;28/06/2017;16770;91,38%;;;28/06/2017;34800;
;3;18349;29/06/2017;17610;95,97%;;;29/06/2017;;
;7;18342;30/06/2017;16710;91,10%;;;30/06/2017;34170;3980
;8;18334;01/07/2017;17880;97,52%;;;01/07/2017;;
;11;18323;02/07/2017;16510;90,11%;;;02/07/2017;;
;5;18318;03/07/2017;16980;92,70%;;;03/07/2017;51210;
;14;18304;04/07/2017;18000;98,34%;;;04/07/2017;;
;3;18301;05/07/2017;15900;86,88%;;;05/07/2017;33780;
;10;18291;06/07/2017;17520;95,78%;;;06/07/2017;;
;10;18281;07/07/2017;17610;96,33%;;;07/07/2017;34980;
;9;18272;08/07/2017;18060;98,84%;;;08/07/2017;;
;10;18262;09/07/2017;18290;100,15%;;;09/07/2017;;
;24;18238;10/07/2017;17340;95,08%;;;10/07/2017;53490;
;9;18229;11/07/2017;15750;86,40%;;;11/07/2017;;
;13;18216;12/07/2017;17360;95,30%;;;12/07/2017;32970;
;4;18212;13/07/2017;18540;101,80%;;;13/07/2017;;
;14;18198;14/07/2017;15210;83,58%;;;14/07/2017;33630;4630
;8;18190;15/07/2017;16860;92,69%;;;15/07/2017;;
;7;18183;16/07/2017;16260;89,42%;;;16/07/2017;;
;8;18175;17/07/2017;17360;95,52%;;;17/07/2017;50280;
;7;18168;18/07/2017;17840;98,19%;;;18/07/2017;;
;19;18149;19/07/2017;16170;89,10%;;;19/07/2017;33870;
;8;18141;20/07/2017;16100;88,75%;;;20/07/2017;;
;3;18138;21/07/2017;17880;98,58%;;;21/07/2017;33840;3970
;9;18129;22/07/2017;16200;89,36%;;;22/07/2017;16140;
;12;18117;23/07/2017;16800;92,73%;;;23/07/2017;;
;14;18103;24/07/2017;17370;95,95%;;;24/07/2017;;
;2;18101;25/07/2017;16460;90,93%;;;25/07/2017;41760;
;0;18101;26/07/2017;18420;101,76%;;;26/07/2017;27000;
;12;18089;27/07/2017;15690;86,74%;;;27/07/2017;;
;5;18084;28/07/2017;16460;91,02%;;;28/07/2017;32010;
;1;18083;29/07/2017;15380;85,05%;;;29/07/2017;16320;
;7;18076;30/07/2017;17370;96,09%;;;30/07/2017;;
;2;18074;31/07/2017;17010;94,11%;;;31/07/2017;34200;
;6;18068;01/08/2017;16110;89,16%;;;01/08/2017;16020;
;2;18066;02/08/2017;17370;96,15%;;;02/08/2017;17280;
;9;18057;03/08/2017;16290;90,21%;;;03/08/2017;16200;
;3;18054;04/08/2017;17040;94,38%;;;04/08/2017;16920;
;4;18050;05/08/2017;16110;89,25%;;;05/08/2017;16020;
;1;18049;06/08/2017;17040;94,41%;;;06/08/2017;;
;6;18043;07/08/2017;17370;96,27%;;;07/08/2017;34200;
;5;18038;08/08/2017;17340;96,13%;;;08/08/2017;17280;
;2;18036;09/08/2017;16650;92,32%;;;09/08/2017;16560;
;5;18031;10/08/2017;15630;86,68%;;;10/08/2017;15540;
;6;18025;11/08/2017;16650;92,37%;;;11/08/2017;16500;4880
;6;18019;12/08/2017;17370;96,40%;;;12/08/2017;17280;
;3;18016;13/08/2017;18240;101,24%;;;13/08/2017;;
;4;18012;14/08/2017;15540;86,28%;;;14/08/2017;33660;
;2;18010;15/08/2017;15900;88,28%;;;15/08/2017;;
;0;18010;16/08/2017;18270;101,44%;;;16/08/2017;34020;
;10;18000;17/08/2017;15570;86,50%;;;17/08/2017;15480;
;3;17997;18/08/2017;17370;96,52%;;;18/08/2017;17280;4220
;4;17993;19/08/2017;17400;96,70%;;;19/08/2017;17280;
;1;17992;20/08/2017;16830;93,54%;;;20/08/2017;;
;3;17989;21/08/2017;16140;89,72%;;;21/08/2017;32820;
;2;17987;22/08/2017;18090;100,57%;;;22/08/2017;18000;
;1;17986;23/08/2017;16800;93,41%;;;23/08/2017;16740;
;0;17986;24/08/2017;17340;96,41%;;;24/08/2017;;
;2;17984;25/08/2017;16290;90,58%;;;25/08/2017;33480;
;1;17983;26/08/2017;16470;91,59%;;;26/08/2017;16280;
;0;17983;27/08/2017;15840;88,08%;;;27/08/2017;;
;3;17980;28/08/2017;18210;101,28%;;;28/08/2017;33030;
;4;17976;29/08/2017;16260;90,45%;;;29/08/2017;;
;1;17975;30/08/2017;15990;88,96%;;;30/08/2017;32130;
;2;17973;31/08/2017;18450;102,65%;;;31/08/2017;;
;3;17970;01/09/2017;15930;88,65%;;;01/09/2017;34200;
;1;17969;02/09/2017;15750;87,65%;;;02/09/2017;15660;
;1;17968;03/09/2017;16800;93,50%;;;03/09/2017;;
;7;17961;04/09/2017;15660;87,19%;;;04/09/2017;32310;
;1;17960;05/09/2017;17670;98,39%;;;05/09/2017;;
;7;17953;06/09/2017;16620;92,58%;;;06/09/2017;34140;
;2;17951;07/09/2017;17340;96,60%;;;07/09/2017;;
;1;17950;08/09/2017;17370;96,77%;;;08/09/2017;34560;4200
;2;17948;09/09/2017;15390;85,75%;;;09/09/2017;;
;0;17948;10/09/2017;18450;102,80%;;;10/09/2017;;
;6;17942;11/09/2017;16620;92,63%;;;11/09/2017;50820;
;5;17937;12/09/2017;16800;93,66%;;;12/09/2017;;
;2;17935;13/09/2017;15570;86,81%;;;13/09/2017;32220;
;3;17932;14/09/2017;16110;89,84%;;;14/09/2017;;
;0;17932;15/09/2017;18330;102,22%;;;15/09/2017;34260;
;8;17924;16/09/2017;16440;91,72%;;;16/09/2017;;
;2;17922;17/09/2017;17340;96,75%;;;17/09/2017;;
;1;17921;18/09/2017;17370;96,93%;;;18/09/2017;50940;
;3;17918;19/09/2017;13560;75,68%;;;19/09/2017;;
;2;17916;20/09/2017;17370;96,95%;;;20/09/2017;30780;
;5;17911;21/09/2017;17370;96,98%;;;21/09/2017;;
;5;17906;22/09/2017;16650;92,99%;;;22/09/2017;33840;
;2;17904;23/09/2017;16980;94,84%;;;23/09/2017;;
;2;17902;24/09/2017;18810;105,07%;;;24/09/2017;;
;1;17901;25/09/2017;14700;82,12%;;;25/09/2017;50290;
;2;17899;26/09/2017;15900;88,83%;;;26/09/2017;;
;5;17894;27/09/2017;16080;89,86%;;;27/09/2017;13860;
;1;17893;28/09/2017;16080;89,87%;;;28/09/2017;;
;6;17887;29/09/2017;17370;97,11%;;;29/09/2017;33300;
;2;17885;30/09/2017;17370;97,12%;;;30/09/2017;;
;3;17882;01/10/2017;17370;97,14%;;;01/10/2017;;
;1;17881;02/10/2017;15210;85,06%;;;02/10/2017;49680;
;5;17876;03/10/2017;17370;97,17%;;;03/10/2017;;
;0;17876;04/10/2017;17400;97,34%;;;04/10/2017;34560;
;8;17868;05/10/2017;16110;90,16%;;;05/10/2017;;
;0;17868;06/10/2017;16650;93,18%;;;06/10/2017;32580;
;1;17867;07/10/2017;14730;82,44%;;;07/10/2017;;
;2;17865;08/10/2017;15510;86,82%;;;08/10/2017;;
;2;17863;09/10/2017;17370;97,24%;;;09/10/2017;47310;
;3;17860;10/10/2017;16110;90,20%;;;10/10/2017;;
;1;17859;11/10/2017;17370;97,26%;;;11/10/2017;33300;3460
;2;17857;12/10/2017;15750;88,20%;;;12/10/2017;;
;1;17856;13/10/2017;15600;87,37%;;;13/10/2017;31120;
;3;17853;14/10/2017;16110;90,24%;;;14/10/2017;;
;1;17852;15/10/2017;16230;90,91%;;;15/10/2017;;
;3;17849;16/10/2017;16470;92,27%;;;16/10/2017;32130;
;3;17846;17/10/2017;16650;93,30%;;;17/10/2017;;
;4;17842;18/10/2017;14760;82,73%;;;18/10/2017;;
;1;17841;19/10/2017;17370;97,36%;;;19/10/2017;64890;
;6;17835;20/10/2017;17400;97,56%;;;20/10/2017;;
;5;17830;21/10/2017;14520;81,44%;;;21/10/2017;;
;1;17829;22/10/2017;18270;102,47%;;;22/10/2017;;
;2;17827;23/10/2017;13770;77,24%;;;23/10/2017;63540;
;0;17827;24/10/2017;15570;87,34%;;;24/10/2017;;
;3;17824;25/10/2017;17400;97,62%;;;25/10/2017;32760;
;5;17819;26/10/2017;14820;83,17%;;;26/10/2017;;
;0;17819;27/10/2017;16290;91,42%;;;27/10/2017;30900;
;6;17813;28/10/2017;15930;89,43%;;;28/10/2017;;
;1;17812;29/10/2017;17400;97,69%;;;29/10/2017;;
;3;17809;30/10/2017;17400;97,70%;;;30/10/2017;50400;
;1;17808;31/10/2017;16110;90,46%;;;31/10/2017;;
;5;17803;01/11/2017;15570;87,46%;;;01/11/2017;;
;2;17801;02/11/2017;15750;88,48%;;;02/11/2017;47160;
;4;17797;03/11/2017;15750;88,50%;;;03/11/2017;;
;1;17796;04/11/2017;16470;92,55%;;;04/11/2017;;
;7;17789;05/11/2017;15180;85,33%;;;05/11/2017;;
;3;17786;06/11/2017;16140;90,75%;;;06/11/2017;63120;
;2;17784;07/11/2017;16470;92,61%;;;07/11/2017;;
;4;17780;08/11/2017;15210;85,55%;;;08/11/2017;31500;
;3;17777;09/11/2017;16650;93,66%;;;09/11/2017;;
;2;17775;10/11/2017;14490;81,52%;;;10/11/2017;16560;
;3;17772;11/11/2017;15150;85,25%;;;11/11/2017;;
;1;17771;12/11/2017;17400;97,91%;;;12/11/2017;;
;4;17767;13/11/2017;15210;85,61%;;;13/11/2017;45710;7710
;5;17762;14/11/2017;15930;89,69%;;;14/11/2017;;
;2;17760;15/11/2017;15900;89,53%;;;15/11/2017;46740;
;5;17755;16/11/2017;15030;84,65%;;;16/11/2017;;
;0;17755;17/11/2017;16740;94,28%;;;17/11/2017;31560;
;6;17749;18/11/2017;15570;87,72%;;;18/11/2017;;
;2;17747;19/11/2017;16140;90,94%;;;19/11/2017;;
;3;17744;20/11/2017;15030;84,70%;;;20/11/2017;46440;
;6;17738;21/11/2017;16170;91,16%;;;21/11/2017;;
;2;17736;22/11/2017;16320;92,02%;;;22/11/2017;32280;7160
;3;17733;23/11/2017;15570;87,80%;;;23/11/2017;;
;2;17731;24/11/2017;14700;82,91%;;;24/11/2017;30060;
;3;17728;25/11/2017;16110;90,87%;;;25/11/2017;;
;1;17727;26/11/2017;16140;91,05%;;;26/11/2017;;
;5;17722;27/11/2017;15510;87,52%;;;27/11/2017;47490;
;6;17716;28/11/2017;15150;85,52%;;;28/11/2017;;
;2;17714;29/11/2017;15030;84,85%;;;29/11/2017;30020;
;5;17709;30/11/2017;15210;85,89%;;;30/11/2017;;
;2;17707;01/12/2017;14910;84,20%;;;01/12/2017;29940;
;5;17702;02/12/2017;16500;93,21%;;;02/12/2017;;
;1;17701;03/12/2017;16650;94,06%;;;03/12/2017;;
;7;17694;04/12/2017;12780;72,23%;;;04/12/2017;45630;
;3;17691;05/12/2017;15390;86,99%;;;05/12/2017;;
;5;17686;06/12/2017;15210;86,00%;;;06/12/2017;;
;3;17683;07/12/2017;15420;87,20%;;;07/12/2017;30420;
;5;17678;08/12/2017;14970;84,68%;;;08/12/2017;;
;2;17676;09/12/2017;14910;84,35%;;;09/12/2017;30180;
;2;17674;10/12/2017;15030;85,04%;;;10/12/2017;;
;7;17667;11/12/2017;15780;89,32%;;;11/12/2017;;
;2;17665;12/12/2017;15690;88,82%;;;12/12/2017;45420;
;6;17659;13/12/2017;11430;64,73%;;;13/12/2017;;
;2;17657;14/12/2017;14610;82,74%;;;14/12/2017;41400;
;2;17655;15/12/2017;15750;89,21%;;;15/12/2017;;
;6;17649;16/12/2017;15600;88,39%;;;16/12/2017;31140;
;0;17649;17/12/2017;14280;80,91%;;;17/12/2017;;
;6;17643;18/12/2017;15780;89,44%;;;18/12/2017;;
;2;17641;19/12/2017;14580;82,65%;;;19/12/2017;44280;
;3;17638;20/12/2017;14700;83,34%;;;20/12/2017;;
;7;17631;21/12/2017;15450;87,63%;;;21/12/2017;29880;7400
;6;17625;22/12/2017;15240;86,47%;;;22/12/2017;;
;2;17623;23/12/2017;14820;84,09%;;;23/12/2017;15120;
;8;17615;24/12/2017;15240;86,52%;;;24/12/2017;;
;12;17603;25/12/2017;12570;71,41%;;;25/12/2017;;
;2;17601;26/12/2017;14700;83,52%;;;26/12/2017;;
;3;17598;27/12/2017;15000;85,24%;;;27/12/2017;;
;0;17598;28/12/2017;15900;90,35%;;;28/12/2017;71670;
;4;17594;29/12/2017;13080;74,34%;;;29/12/2017;;
;2;17592;30/12/2017;13440;76,40%;;;30/12/2017;42060;6480
;1;17591;31/12/2017;14280;81,18%;;;31/12/2017;;
;2;17589;01/01/2018;14340;81,53%;;;01/01/2018;;
;3;17586;02/01/2018;14070;80,01%;;;02/01/2018;42300;
;3;17583;03/01/2018;14070;80,02%;;;03/01/2018;;
;2;17581;04/01/2018;13890;79,01%;;;04/01/2018;27690;
;0;17581;05/01/2018;13410;76,28%;;;05/01/2018;;
;2;17579;06/01/2018;13200;75,09%;;;06/01/2018;;
;1;17578;07/01/2018;12240;69,63%;;;07/01/2018;;
;3;17575;08/01/2018;7350;41,82%;;;08/01/2018;45720;
;0;17575;09/01/2018;9760;55,53%;;;09/01/2018;;
;4;17571;10/01/2018;23430;133,34%;;;10/01/2018;23240;9460
;3;17568;11/01/2018;13470;76,67%;;;11/01/2018;;
;4;17564;12/01/2018;13560;77,20%;;;12/01/2018;;
;2;17562;13/01/2018;13320;75,85%;;;13/01/2018;39960;
;3;17559;14/01/2018;12960;73,81%;;;14/01/2018;;
;3;17556;15/01/2018;14130;80,49%;;;15/01/2018;;
;4;17552;16/01/2018;13440;76,57%;;;16/01/2018;40110;
;3;17549;17/01/2018;13440;76,59%;;;17/01/2018;;
;2;17547;18/01/2018;13590;77,45%;;;18/01/2018;26760;
;0;17547;19/01/2018;13380;76,25%;;;19/01/2018;;
;3;17544;20/01/2018;13470;76,78%;;;20/01/2018;;
;3;17541;21/01/2018;13440;76,62%;;;21/01/2018;;
;5;17536;22/01/2018;12990;74,08%;;;22/01/2018;52740;
;1;17535;23/01/2018;13560;77,33%;;;23/01/2018;;
;0;17535;24/01/2018;13380;76,30%;;;24/01/2018;;
;1;17534;25/01/2018;13250;75,57%;;;25/01/2018;26700;
;1;17533;26/01/2018;13020;74,26%;;;26/01/2018;;
;0;17533;27/01/2018;13440;76,66%;;;27/01/2018;26010;
;1;17532;28/01/2018;13560;77,34%;;;28/01/2018;;
;0;17532;29/01/2018;13490;76,95%;;;29/01/2018;40110;
;2;17530;30/01/2018;13280;75,76%;;;30/01/2018;;
;0;17530;31/01/2018;13410;76,50%;;;31/01/2018;;
;1;17529;01/02/2018;6810;38,85%;;;01/02/2018;26430;6720
;0;17529;02/02/2018;20250;115,52%;;;02/02/2018;;
;0;17529;03/02/2018;4590;26,19%;;;03/02/2018;24690;
;1;17528;04/02/2018;21990;125,46%;;;04/02/2018;;
;1;17527;05/02/2018;14040;80,10%;;;05/02/2018;35910;
;0;17527;06/02/2018;13230;75,48%;;;06/02/2018;;
;0;17527;07/02/2018;13530;77,20%;;;07/02/2018;26580;
;3;17524;08/02/2018;13440;76,69%;;;08/02/2018;;
;0;17524;09/02/2018;13410;76,52%;;;09/02/2018;26640;
;1;17523;10/02/2018;14160;80,81%;;;10/02/2018;;
;0;17523;11/02/2018;13170;75,16%;;;11/02/2018;;
;1;17522;12/02/2018;13230;75,51%;;;12/02/2018;40230;
;0;17522;13/02/2018;13110;74,82%;;;13/02/2018;;
;0;17522;14/02/2018;13110;74,82%;;;14/02/2018;;
;1;17521;15/02/2018;12570;71,74%;;;15/02/2018;38490;4320
;0;17521;16/02/2018;13200;75,34%;;;16/02/2018;;
;0;17521;17/02/2018;13020;74,31%;;;17/02/2018;26010;
;1;17520;18/02/2018;13380;76,37%;;;18/02/2018;;
;1;17519;19/02/2018;13260;75,69%;;;19/02/2018;26430;
;1;17518;20/02/2018;13140;75,01%;;;20/02/2018;;
;0;17518;21/02/2018;13200;75,35%;;;21/02/2018;;
;2;17516;22/02/2018;13320;76,04%;;;22/02/2018;39300;
;1;17515;23/02/2018;11790;67,31%;;;23/02/2018;;
;1;17514;24/02/2018;11100;63,38%;;;24/02/2018;22680;
;0;17514;25/02/2018;11520;65,78%;;;25/02/2018;;
;1;17513;26/02/2018;12210;69,72%;;;26/02/2018;23430;
;1;17512;27/02/2018;11400;65,10%;;;27/02/2018;;
;0;17512;28/02/2018;12630;72,12%;;;28/02/2018;23790;
;2;17510;01/03/2018;17430;99,54%;;;01/03/2018;17280;
;2;17508;02/03/2018;9840;56,20%;;;02/03/2018;9720;
;2;17506;03/03/2018;15270;87,23%;;;03/03/2018;15120;
;1;17505;04/03/2018;13990;79,92%;;;04/03/2018;;
;0;17505;05/03/2018;14070;80,38%;;;05/03/2018;27720;
;0;17505;06/03/2018;13710;78,32%;;;06/03/2018;13590;
;1;17504;07/03/2018;14160;80,90%;;;07/03/2018;;
;2;17502;08/03/2018;14160;80,91%;;;08/03/2018;;
;2;17500;09/03/2018;13170;75,26%;;;09/03/2018;41100;
;0;17500;10/03/2018;15120;86,40%;;;10/03/2018;;
;1;17499;11/03/2018;13440;76,80%;;;11/03/2018;;
;1;17498;12/03/2018;14670;83,84%;;;12/03/2018;42810;
;0;17498;13/03/2018;14460;82,64%;;;13/03/2018;14370;
;0;17498;14/03/2018;14640;83,67%;;;14/03/2018;;
;3;17495;15/03/2018;14760;84,37%;;;15/03/2018;29160;
;0;17495;16/03/2018;15600;89,17%;;;16/03/2018;;
;2;17493;17/03/2018;7710;44,07%;;;17/03/2018;23160;
;2;17491;18/03/2018;22590;129,15%;;;18/03/2018;;
;1;17490;19/03/2018;16190;92,57%;;;19/03/2018;22470;5960
;0;17490;20/03/2018;14240;81,42%;;;20/03/2018;30220;
;1;17489;21/03/2018;15050;86,05%;;;21/03/2018;;
;0;17489;22/03/2018;15200;86,91%;;;22/03/2018;29980;
;2;17487;23/03/2018;15650;89,50%;;;23/03/2018;;
;1;17486;24/03/2018;14690;84,01%;;;24/03/2018;15530;
;3;17483;25/03/2018;14570;83,34%;;;25/03/2018;;
;2;17481;26/03/2018;15680;89,70%;;;26/03/2018;28990;
;0;17481;27/03/2018;14420;82,49%;;;27/03/2018;29860;
;0;17481;28/03/2018;15140;86,61%;;;28/03/2018;;
;1;17480;29/03/2018;15290;87,47%;;;29/03/2018;30220;6760
;2;17478;30/03/2018;15710;89,88%;;;30/03/2018;15590;
;1;17477;31/03/2018;14870;85,08%;;;31/03/2018;;
;1;17476;01/04/2018;14900;85,26%;;;01/04/2018;;
;2;17474;02/04/2018;14420;82,52%;;;02/04/2018;;
;1;17473;03/04/2018;17030;97,46%;;;03/04/2018;43890;
;0;17473;04/04/2018;14990;85,79%;;;04/04/2018;31810;
;0;17473;05/04/2018;15320;87,68%;;;05/04/2018;15200;
;2;17471;06/04/2018;15170;86,83%;;;06/04/2018;15080;
;0;17471;07/04/2018;14810;84,77%;;;07/04/2018;;
;3;17468;08/04/2018;15710;89,94%;;;08/04/2018;;
;1;17467;09/04/2018;15470;88,57%;;;09/04/2018;30280;
;1;17466;10/04/2018;15830;90,63%;;;10/04/2018;15380;
;1;17465;11/04/2018;14090;80,68%;;;11/04/2018;;
;0;17465;12/04/2018;16340;93,56%;;;12/04/2018;29740;
;1;17464;13/04/2018;13700;78,45%;;;13/04/2018;;
;0;17464;14/04/2018;16520;94,59%;;;14/04/2018;29830;
;2;17462;15/04/2018;14570;83,44%;;;15/04/2018;;
;1;17461;16/04/2018;15530;88,94%;;;16/04/2018;30850;
;2;17459;17/04/2018;14690;84,14%;;;17/04/2018;15410;
;1;17458;18/04/2018;13970;80,02%;;;18/04/2018;;
;0;17458;19/04/2018;14600;83,63%;;;19/04/2018;28480;
;0;17458;20/04/2018;15020;86,04%;;;20/04/2018;;
;3;17455;21/04/2018;16070;92,07%;;;21/04/2018;29380;
;1;17454;22/04/2018;13340;76,43%;;;22/04/2018;;
;1;17453;23/04/2018;17600;100,84%;;;23/04/2018;29200;
;1;17452;24/04/2018;10670;61,14%;;;24/04/2018;28060;
;2;17450;25/04/2018;15110;86,59%;;;25/04/2018;;
;0;17450;26/04/2018;13910;79,71%;;;26/04/2018;;
;0;17450;27/04/2018;13280;76,10%;;;27/04/2018;;
;3;17447;28/04/2018;14300;81,96%;;;28/04/2018;41970;
;1;17446;29/04/2018;14150;81,11%;;;29/04/2018;;
;1;17445;30/04/2018;13370;76,64%;;;30/04/2018;28240;5790
;2;17443;01/05/2018;13550;77,68%;;;01/05/2018;;
;2;17441;02/05/2018;13580;77,86%;;;02/05/2018;40230;
;0;17441;03/05/2018;14210;81,47%;;;03/05/2018;;
;1;17440;04/05/2018;13910;79,76%;;;04/05/2018;14120;
;3;17437;05/05/2018;13040;74,78%;;;05/05/2018;;
;3;17434;06/05/2018;14030;80,47%;;;06/05/2018;;
;1;17433;07/05/2018;14090;80,82%;;;07/05/2018;54620;
;1;17432;08/05/2018;11990;68,78%;;;08/05/2018;11900;
;2;17430;09/05/2018;15410;88,41%;;;09/05/2018;;
;0;17430;10/05/2018;13580;77,91%;;;10/05/2018;15290;
;0;17430;11/05/2018;12500;71,72%;;;11/05/2018;;
;3;17427;12/05/2018;12890;73,97%;;;12/05/2018;38670;
;1;17426;13/05/2018;13550;77,76%;;;13/05/2018;;
;2;17424;14/05/2018;14660;84,14%;;;14/05/2018;28030;
;2;17422;15/05/2018;12890;73,99%;;;15/05/2018;12770;
;1;17421;16/05/2018;13820;79,33%;;;16/05/2018;;
;0;17421;17/05/2018;13220;75,89%;;;17/05/2018;13700;
;3;17418;18/05/2018;12830;73,66%;;;18/05/2018;;
;1;17417;19/05/2018;12590;72,29%;;;19/05/2018;25870;
;2;17415;20/05/2018;13430;77,12%;;;20/05/2018;;
;1;17414;21/05/2018;15590;89,53%;;;21/05/2018;25810;
;7;17407;22/05/2018;12740;73,19%;;;22/05/2018;15470;
;9;17398;23/05/2018;13160;75,64%;;;23/05/2018;;
;4;17394;24/05/2018;14480;83,25%;;;24/05/2018;25690;
;5;17389;25/05/2018;12350;71,02%;;;25/05/2018;;
;0;17389;26/05/2018;13460;77,41%;;;26/05/2018;26620;
;0;17389;27/05/2018;14910;85,74%;;;27/05/2018;;
;4;17385;28/05/2018;13640;78,46%;;;28/05/2018;41680;
;0;17385;29/05/2018;11090;63,79%;;;29/05/2018;11030;
;0;17385;30/05/2018;14060;80,87%;;;30/05/2018;;
;12;17373;31/05/2018;12280;70,68%;;;31/05/2018;26160;
;14;17359;01/06/2018;13700;78,92%;;;01/06/2018;;
;8;17351;02/06/2018;14900;85,87%;;;02/06/2018;;
;6;17345;03/06/2018;12260;70,68%;;;03/06/2018;;
;20;17325;04/06/2018;12020;69,38%;;;04/06/2018;43320;
;6;17319;05/06/2018;15290;88,28%;;;05/06/2018;;
;11;17308;06/06/2018;13850;80,02%;;;06/06/2018;38070;
;10;17298;07/06/2018;8330;48,16%;;;07/06/2018;8240;
;10;17288;08/06/2018;17900;103,54%;;;08/06/2018;;
;38;17250;09/06/2018;13280;76,99%;;;09/06/2018;26380;
;0;17250;10/06/2018;16190;93,86%;;;10/06/2018;;
;5;17245;11/06/2018;11840;68,66%;;;11/06/2018;27820;
;5;17240;12/06/2018;13040;75,64%;;;12/06/2018;12920;
;10;17230;13/06/2018;14420;83,69%;;;13/06/2018;;
;5;17225;14/06/2018;14600;84,76%;;;14/06/2018;28840;
;18;17207;15/06/2018;15590;90,60%;;;15/06/2018;;
;7;17200;16/06/2018;12980;75,47%;;;16/06/2018;15470;
;4;17196;17/06/2018;12530;72,87%;;;17/06/2018;;
;6;17190;18/06/2018;11990;69,75%;;;18/06/2018;37230;
;10;17180;19/06/2018;13190;76,78%;;;19/06/2018;;
;9;17171;20/06/2018;13490;78,56%;;;20/06/2018;26500;840
;13;17158;21/06/2018;14210;82,82%;;;21/06/2018;;
;0;17158;22/06/2018;15710;91,56%;;;22/06/2018;;
;18;17140;23/06/2018;11450;66,80%;;;23/06/2018;41040;
;6;17134;24/06/2018;13910;81,18%;;;24/06/2018;13820;
;9;17125;25/06/2018;13430;78,42%;;;25/06/2018;;
;11;17114;26/06/2018;13280;77,60%;;;26/06/2018;;
;0;17114;27/06/2018;7400;43,24%;;;27/06/2018;;
;0;17114;28/06/2018;11360;66,38%;;;28/06/2018;;
;0;17114;29/06/2018;2750;16,07%;;;29/06/2018;;
;0;17114;30/06/2018;0;0,00%;;;30/06/2018;47830;330
