Arrival Chickens Date;Death;Chickens;Date of Laid;Eggs;Laied;Water;Feed;Date of Selling;# Eggs sold (First quality);# Eggs sold (Second quality)
19/07/2018;10;42009;01/09/2018;31770;0.756266514;100.0;97.0;;0;0
19/07/2018;11;41998;02/09/2018;31960;0.760988619;101.0;105.5;;0;0
19/07/2018;11;41987;03/09/2018;33520;0.798342344;104.5;102.0;03/09/2018;87750;0
19/07/2018;8;41979;04/09/2018;35440;0.84423164;107.0;119.5;;0;0
19/07/2018;11;41968;05/09/2018;35300;0.841117042;110.0;113.0;05/09/2018;66450;0
19/07/2018;10;41958;06/09/2018;36310;0.865389199;110.5;119.0;;0;0
19/07/2018;10;41948;07/09/2018;38340;0.913988748;111.0;115.5;07/09/2018;68990;8270
19/07/2018;9;41939;08/09/2018;35650;0.850044112;112.0;111.0;;0;0
19/07/2018;9;41930;09/09/2018;37540;0.895301693;107.5;121.5;;0;0
19/07/2018;9;41921;10/09/2018;38070;0.908136733;117.5;118.0;10/09/2018;107880;0
19/07/2018;6;41915;11/09/2018;37240;0.88846475;120.0;116.0;;0;0
19/07/2018;8;41907;12/09/2018;39690;0.947097144;119.5;119.0;12/09/2018;72810;0
19/07/2018;9;41898;13/09/2018;38380;0.916034178;121.5;129.0;13/09/2018;38400;8280
19/07/2018;10;41888;14/09/2018;38990;0.930815508;123.5;110.5;14/09/2018;37380;0
19/07/2018;8;41880;15/09/2018;39080;0.933142311;125.5;108.0;;0;0
19/07/2018;9;41871;16/09/2018;39770;0.949822073;128.5;120.0;;0;0
19/07/2018;8;41863;17/09/2018;38405;0.917397224;128.0;123.0;17/09/2018;114750;0
19/07/2018;9;41854;18/09/2018;39350;0.940172982;126.0;118.5;;0;0
19/07/2018;7;41847;19/09/2018;39780;0.950605778;129.0;120.5;19/09/2018;64720;7620
19/07/2018;7;41840;20/09/2018;40095;0.958293499;144.0;117.0;;0;0
19/07/2018;9;41831;21/09/2018;39890;0.953599006;138.5;117.5;21/09/2018;77730;0
19/07/2018;8;41823;22/09/2018;40010;0.956650647;138.0;118.5;;0;0
19/07/2018;8;41815;23/09/2018;40400;0.966160469;135.0;121.0;;0;0
19/07/2018;9;41806;24/09/2018;41390;0.990049275;138.0;125.5;24/09/2018;117450;0
19/07/2018;6;41800;25/09/2018;39650;0.948564593;139.0;121.5;25/09/2018;40500;0
19/07/2018;7;41793;26/09/2018;40610;0.971693824;140.5;118.0;26/09/2018;38880;0
19/07/2018;8;41785;27/09/2018;40130;0.960392485;130.5;117.5;;0;0
19/07/2018;9;41776;28/09/2018;40780;0.97615856;143.5;122.0;28/09/2018;79230;8100
19/07/2018;10;41766;29/09/2018;40070;0.959392808;132.0;111.0;;0;0
19/07/2018;9;41757;30/09/2018;40950;0.980673899;149.0;122.0;;0;0
19/07/2018;9;41748;01/10/2018;40380;0.967231963;144.5;117.0;01/10/2018;118950;0
19/07/2018;7;41741;02/10/2018;40520;0.970748185;141.5;120.0;;0;0
19/07/2018;8;41733;03/10/2018;40600;0.972851221;148.0;123.0;03/10/2018;79410;0
19/07/2018;6;41727;04/10/2018;40690;0.975147986;137.0;116.0;;0;0
19/07/2018;7;41720;05/10/2018;40880;0.979865772;145.0;122.0;05/10/2018;79470;6080
19/07/2018;6;41714;06/10/2018;39880;0.956033945;127.5;118.0;;0;0
19/07/2018;5;41709;07/10/2018;41660;0.998825194;137.5;119.5;;0;0
19/07/2018;9;41700;08/10/2018;40650;0.974820144;133.5;122.0;08/10/2018;119820;0
19/07/2018;7;41693;09/10/2018;40430;0.969707145;137.5;119.0;;0;0
19/07/2018;7;41686;10/10/2018;40400;0.969150314;140.5;119.5;10/10/2018;79350;0
19/07/2018;7;41679;11/10/2018;39640;0.951078481;139.0;114.0;;0;0
19/07/2018;8;41671;12/10/2018;41090;0.98605745;139.0;122.5;12/10/2018;78450;5990
19/07/2018;7;41664;13/10/2018;41130;0.98718318;147.5;128.0;;0;0
19/07/2018;7;41657;14/10/2018;40650;0.975826392;144.5;122.0;;0;0
19/07/2018;7;41650;15/10/2018;40850;0.980792317;144.5;120.0;15/10/2018;120360;0
19/07/2018;7;41643;16/10/2018;40610;0.97519391;141.0;119.5;;0;0
19/07/2018;8;41635;17/10/2018;41270;0.991233337;139.5;118.0;17/10/2018;79800;0
19/07/2018;8;41627;18/10/2018;39630;0.952026329;147.0;122.0;;0;0
19/07/2018;7;41620;19/10/2018;40790;0.980057665;143.0;118.0;19/10/2018;79350;5940
19/07/2018;7;41613;20/10/2018;40660;0.977098503;139.0;114.0;;0;0
19/07/2018;7;41606;21/10/2018;41130;0.988559342;138.5;115.0;;0;0
19/07/2018;7;41599;22/10/2018;40660;0.977427342;141.0;123.0;22/10/2018;119800;0
19/07/2018;7;41592;23/10/2018;41550;0.99899019;139.5;115.0;;0;0
19/07/2018;6;41586;24/10/2018;40790;0.980858943;138.0;123.0;24/10/2018;80430;0
19/07/2018;8;41578;25/10/2018;40710;0.979123575;137.5;122.5;;0;0
19/07/2018;10;41568;26/10/2018;40810;0.981764819;132.5;116.0;26/10/2018;79680;6460
19/07/2018;7;41561;27/10/2018;41050;0.987704819;129.5;117.0;;0;0
19/07/2018;6;41555;28/10/2018;40790;0.981590663;142.5;125.5;;0;0
19/07/2018;9;41546;29/10/2018;41120;0.989746305;134.0;116.5;29/10/2018;120180;0
19/07/2018;7;41539;30/10/2018;40420;0.97306146;141.5;128.0;;0;0
19/07/2018;7;41532;31/10/2018;40740;0.980930367;139.0;124.0;31/10/2018;79950;0
19/07/2018;8;41524;01/11/2018;41150;0.990993161;137.5;128.0;;0;0
19/07/2018;6;41518;02/11/2018;40210;0.968495592;128.0;104.5;02/11/2018;79980;6210
19/07/2018;8;41510;03/11/2018;40660;0.979523007;138.0;129.0;;0;0
19/07/2018;6;41504;04/11/2018;41100;0.990265998;134.5;121.0;;0;0
19/07/2018;8;41496;05/11/2018;40400;0.973587816;138.0;129.0;05/11/2018;119280;0
19/07/2018;7;41489;06/11/2018;40470;0.975439273;133.5;129.0;;0;0
19/07/2018;7;41482;07/11/2018;40080;0.966202208;137.5;134.5;07/11/2018;79020;0
19/07/2018;8;41474;08/11/2018;40740;0.982302165;134.5;119.0;;0;0
19/07/2018;8;41466;09/11/2018;40300;0.971880577;133.0;122.0;09/11/2018;78780;6220
19/07/2018;6;41460;10/11/2018;40710;0.981910275;131.5;126.0;;0;0
19/07/2018;8;41452;11/11/2018;40830;0.984994693;137.5;130.0;;0;0
19/07/2018;7;41445;12/11/2018;41230;0.994812402;130.0;125.0;12/11/2018;118320;0
19/07/2018;8;41437;13/11/2018;40410;0.975215387;132.0;129.5;;0;0
19/07/2018;8;41429;14/11/2018;40470;0.976851964;133.0;128.0;14/11/2018;79080;0
19/07/2018;8;41421;15/11/2018;40750;0.983800488;132.0;133.5;;0;0
19/07/2018;6;41415;16/11/2018;40770;0.984425933;132.0;115.5;16/11/2018;79260;8150
19/07/2018;8;41407;17/11/2018;40570;0.979786027;132.0;128.0;;0;0
19/07/2018;6;41401;18/11/2018;40340;0.9743726;132.0;118.5;;0;0
19/07/2018;7;41394;19/11/2018;40880;0.987582741;139.5;117.0;19/11/2018;119070;0
19/07/2018;9;41385;20/11/2018;40540;0.979581974;147.5;124.0;;0;0
19/07/2018;7;41378;21/11/2018;41070;0.992556431;147.0;119.5;21/11/2018;80040;0
19/07/2018;7;41371;22/11/2018;40860;0.987648353;151.0;119.5;;0;0
19/07/2018;7;41364;23/11/2018;40800;0.986364955;160.0;128.0;23/11/2018;80400;0
19/07/2018;8;41356;24/11/2018;40600;0.981719702;157.0;125.5;;0;0
19/07/2018;6;41350;25/11/2018;41040;0.992503023;151.5;119.5;;0;0
19/07/2018;7;41343;26/11/2018;36350;0.879229858;156.5;118.5;26/11/2018;119700;0
19/07/2018;8;41335;27/11/2018;41000;0.991895488;150.0;125.0;27/11/2018;34550;8280
19/07/2018;6;41329;28/11/2018;40000;0.967843403;154.0;122.0;;0;0
19/07/2018;8;41321;29/11/2018;40900;0.989811476;155.0;121.0;29/11/2018;79110;0
19/07/2018;7;41314;30/11/2018;40850;0.98876894;154.0;112.5;30/11/2018;39930;0
19/07/2018;6;41308;01/12/2018;40920;0.990607146;157.5;120.0;;0;0
19/07/2018;11;41297;02/12/2018;41240;0.998619754;153.0;122.0;;0;0
19/07/2018;10;41287;03/12/2018;40980;0.992564245;162.5;118.5;03/12/2018;120810;0
19/07/2018;7;41280;04/12/2018;40890;0.990552326;163.0;126.0;;0;0
19/07/2018;6;41274;05/12/2018;40380;0.978339875;152.5;127.0;05/12/2018;80550;6330
19/07/2018;7;41267;06/12/2018;40380;0.978505828;152.5;126.5;;0;0
19/07/2018;7;41260;07/12/2018;40360;0.978187106;156.5;121.0;07/12/2018;79680;0
19/07/2018;7;41253;08/12/2018;39540;0.958475747;158.5;123.0;;0;0
19/07/2018;8;41245;09/12/2018;40370;0.978785307;163.0;127.0;;0;0
19/07/2018;8;41237;10/12/2018;40620;0.985037709;175.5;126.5;10/12/2018;120180;0
19/07/2018;6;41231;11/12/2018;40520;0.982755694;171.5;125.0;;0;0
19/07/2018;8;41223;12/12/2018;40710;0.987555491;164.0;120.0;12/12/2018;80250;0
19/07/2018;8;41215;13/12/2018;40790;0.98968822;171.0;125.5;13/12/2018;80580;4630
19/07/2018;6;41209;14/12/2018;40770;0.989346987;161.5;118.0;;0;0
19/07/2018;7;41202;15/12/2018;40500;0.982961992;171.5;122.5;;0;0
19/07/2018;7;41195;16/12/2018;40670;0.987255735;172.0;124.5;;0;0
19/07/2018;7;41188;17/12/2018;40440;0.981839371;163.5;129.0;17/12/2018;120600;0
19/07/2018;7;41181;18/12/2018;40640;0.986862874;170.0;119.0;;0;0
19/07/2018;7;41174;19/12/2018;40320;0.979258756;167.5;119.0;19/12/2018;80100;0
19/07/2018;7;41167;20/12/2018;39960;0.970680399;169.5;120.0;;0;0
19/07/2018;7;41160;21/12/2018;40110;0.974489796;169.0;123.0;21/12/2018;79470;0
19/07/2018;8;41152;22/12/2018;41500;1.008456454;168.5;120.5;;0;0
19/07/2018;8;41144;23/12/2018;40190;0.976813144;170.0;124.5;;0;0
19/07/2018;10;41134;24/12/2018;40650;0.988233578;165.0;126.5;24/12/2018;119610;0
19/07/2018;7;41127;25/12/2018;39330;0.956306076;168.0;120.0;;0;0
19/07/2018;7;41120;26/12/2018;40800;0.992217899;168.0;116.5;;0;0
19/07/2018;8;41112;27/12/2018;40590;0.987302977;169.0;113.0;27/12/2018;119550;0
19/07/2018;9;41103;28/12/2018;40230;0.978760674;164.0;116.0;28/12/2018;40110;0
19/07/2018;7;41096;29/12/2018;40290;0.980387386;165.0;119.5;;0;0
19/07/2018;9;41087;30/12/2018;40080;0.975491031;171.0;119.0;;0;0
19/07/2018;7;41080;31/12/2018;40200;0.978578384;163.5;115.5;31/12/2018;119580;0
19/07/2018;8;41072;01/01/2019;39930;0.972195169;164.5;118.0;;0;0
19/07/2018;6;41066;02/01/2019;40170;0.978181464;168.5;115.5;02/01/2019;79530;4650
19/07/2018;7;41059;03/01/2019;40110;0.976886919;163.5;115.0;;0;0
19/07/2018;7;41052;04/01/2019;40830;0.994592224;169.5;116.0;04/01/2019;79620;0
19/07/2018;7;41045;05/01/2019;39300;0.957485686;157.0;115.0;;0;0
19/07/2018;7;41038;06/01/2019;40230;0.980310931;170.5;117.0;;0;0
19/07/2018;9;41029;07/01/2019;40290;0.98198835;167.0;123.0;07/01/2019;119280;0
19/07/2018;7;41022;08/01/2019;39620;0.965823217;170.0;122.5;;0;0
19/07/2018;7;41015;09/01/2019;40100;0.977691089;161.5;122.0;09/01/2019;79290;0
19/07/2018;7;41008;10/01/2019;39990;0.975175575;160.5;117.0;;0;0
19/07/2018;6;41002;11/01/2019;40170;0.979708307;166.0;120.0;11/01/2019;79410;0
19/07/2018;8;40994;12/01/2019;39900;0.973313168;167.0;125.5;;0;0
19/07/2018;6;40988;13/01/2019;39900;0.973455646;168.0;118.0;;0;0
19/07/2018;8;40980;14/01/2019;40249;0.98216203;169.0;122.0;14/01/2019;119040;0
19/07/2018;8;40972;15/01/2019;40230;0.981890071;167.0;113.5;;0;0
19/07/2018;7;40965;16/01/2019;39690;0.96887587;170.5;123.0;16/01/2019;79740;4650
19/07/2018;8;40957;17/01/2019;39840;0.972727495;163.5;120.5;17/01/2019;78930;0
19/07/2018;6;40951;18/01/2019;40230;0.982393592;170.0;120.5;;0;0
19/07/2018;8;40943;19/01/2019;39720;0.970129204;163.5;126.0;;0;0
19/07/2018;7;40936;20/01/2019;39750;0.971027946;167.5;125.5;;0;0
19/07/2018;8;40928;21/01/2019;39810;0.972683737;168.0;128.0;21/01/2019;118740;0
19/07/2018;8;40920;22/01/2019;40110;0.980205279;167.5;115.5;;0;0
19/07/2018;8;40912;23/01/2019;39590;0.967686742;167.5;121.0;23/01/2019;79260;0
19/07/2018;6;40906;24/01/2019;39690;0.97027331;170.5;121.5;;0;0
19/07/2018;7;40899;25/01/2019;39690;0.970439375;164.5;124.0;25/01/2019;78630;0
19/07/2018;7;40892;26/01/2019;39700;0.970850044;169.0;129.0;;0;0
19/07/2018;7;40885;27/01/2019;39450;0.964901553;158.5;121.5;;0;0
19/07/2018;8;40877;28/01/2019;38910;0.95188003;162.5;118.0;28/01/2019;117840;0
19/07/2018;7;40870;29/01/2019;39660;0.970393932;168.5;129.0;;0;0
19/07/2018;7;40863;30/01/2019;39710;0.971783765;165.5;121.0;30/01/2019;77880;4800
19/07/2018;7;40856;31/01/2019;38940;0.953103583;170.5;127.0;;0;0
19/07/2018;9;40847;01/02/2019;39630;0.97020589;167.5;119.0;01/02/2019;77940;0
19/07/2018;8;40839;02/02/2019;39300;0.962315434;159.5;121.5;;0;0
19/07/2018;8;40831;03/02/2019;39510;0.967647131;166.0;128.0;;0;0
19/07/2018;8;40823;04/02/2019;39270;0.96195772;157.5;120.0;04/02/2019;117150;0
19/07/2018;7;40816;05/02/2019;39750;0.973882791;169.0;122.5;;0;0
19/07/2018;6;40810;06/02/2019;39530;0.968635138;157.0;122.5;06/02/2019;78240;0
19/07/2018;8;40802;07/02/2019;39570;0.969805402;164.0;127.0;;0;0
19/07/2018;7;40795;08/02/2019;39220;0.961392327;170.5;131.0;08/02/2019;78330;0
19/07/2018;9;40786;09/02/2019;39090;0.958417104;164.5;125.0;;0;0
19/07/2018;8;40778;10/02/2019;39650;0.972338025;163.5;120.0;;0;0
19/07/2018;7;40771;11/02/2019;38920;0.954600083;167.5;124.0;11/02/2019;116910;4850
19/07/2018;9;40762;12/02/2019;38850;0.953093568;163.0;121.0;12/02/2019;47310;0
19/07/2018;7;40755;13/02/2019;39440;0.96773402;164.5;127.5;13/02/2019;29910;0
19/07/2018;8;40747;14/02/2019;38910;0.954916926;160.5;124.5;;0;0
19/07/2018;7;40740;15/02/2019;38460;0.944035346;166.0;120.0;15/02/2019;77700;0
19/07/2018;7;40733;16/02/2019;39500;0.969729703;169.5;128.5;;0;0
19/07/2018;7;40726;17/02/2019;38820;0.95319943;162.0;123.5;;0;0
19/07/2018;9;40717;18/02/2019;39030;0.958567674;167.5;123.0;18/02/2019;115920;0
19/07/2018;7;40710;19/02/2019;38850;0.95431098;161.5;122.5;;0;0
19/07/2018;9;40701;20/02/2019;38970;0.957470332;171.0;127.0;20/02/2019;77310;0
19/07/2018;7;40694;21/02/2019;38600;0.948542783;165.5;122.5;;0;0
19/07/2018;8;40686;22/02/2019;38280;0.940864179;166.0;123.5;22/02/2019;77070;0
19/07/2018;9;40677;23/02/2019;39280;0.965656268;166.5;127.0;;0;0
19/07/2018;9;40668;24/02/2019;38610;0.949395102;167.0;132.0;;0;0
19/07/2018;9;40659;25/02/2019;39030;0.95993507;157.5;124.5;25/02/2019;115350;0
19/07/2018;7;40652;26/02/2019;38580;0.949030798;159.0;125.0;;0;0
19/07/2018;8;40644;27/02/2019;38790;0.954384411;162.5;127.0;27/02/2019;77010;0
19/07/2018;7;40637;28/02/2019;38400;0.944951645;159.0;122.0;;0;0
19/07/2018;7;40630;01/03/2019;38820;0.955451637;162.0;131.0;01/03/2019;76590;0
19/07/2018;8;40622;02/03/2019;38850;0.956378317;162.0;128.0;;0;0
19/07/2018;7;40615;03/03/2019;38670;0.952111289;156.5;118.0;;0;0
19/07/2018;7;40608;04/03/2019;38280;0.942671395;160.5;124.0;04/03/2019;115620;0
19/07/2018;6;40602;05/03/2019;38580;0.950199498;160.0;125.0;;0;0
19/07/2018;9;40593;06/03/2019;38100;0.93858547;157.0;124.5;06/03/2019;76320;0
19/07/2018;6;40587;07/03/2019;38160;0.940202528;159.0;126.0;;0;0
19/07/2018;7;40580;08/03/2019;38700;0.953671759;161.5;127.0;08/03/2019;75840;0
19/07/2018;7;40573;09/03/2019;38730;0.954575703;158.0;122.0;;0;0
19/07/2018;8;40565;10/03/2019;38640;0.952545298;161.0;123.5;;0;0
19/07/2018;7;40558;11/03/2019;38370;0.946052567;165.0;129.0;11/03/2019;115320;0
19/07/2018;9;40549;12/03/2019;38430;0.947742238;162.5;129.5;;0;0
19/07/2018;8;40541;13/03/2019;38880;0.959029131;164.0;124.0;13/03/2019;76260;0
19/07/2018;8;40533;14/03/2019;38820;0.957738139;170.5;117.5;;0;0
19/07/2018;6;40527;15/03/2019;38790;0.957139685;165.5;121.0;15/03/2019;77100;0
19/07/2018;9;40518;16/03/2019;38310;0.945505701;159.5;124.5;;0;0
19/07/2018;9;40509;17/03/2019;38210;0.94324718;165.5;130.0;;0;0
19/07/2018;9;40500;18/03/2019;39300;0.97037037;170.0;126.0;18/03/2019;114600;0
19/07/2018;9;40491;19/03/2019;37830;0.934281692;171.0;120.0;;0;0
19/07/2018;10;40481;20/03/2019;37870;0.935500605;164.5;119.5;20/03/2019;76500;0
19/07/2018;7;40474;21/03/2019;38280;0.945792361;163.5;116.5;;0;0
19/07/2018;9;40465;22/03/2019;38100;0.94155443;168.0;127.5;22/03/2019;75750;0
19/07/2018;8;40457;23/03/2019;38100;0.941740613;167.0;126.5;;0;0
19/07/2018;6;40451;24/03/2019;38310;0.947071766;161.5;125.5;;0;0
19/07/2018;7;40444;25/03/2019;38250;0.945752151;166.0;122.0;25/03/2019;113910;0
19/07/2018;6;40438;26/03/2019;37740;0.933280578;166.0;124.0;;0;0
19/07/2018;9;40429;27/03/2019;37920;0.937940587;166.0;123.5;27/03/2019;75540;0
19/07/2018;6;40423;28/03/2019;37680;0.932142592;166.5;121.5;;0;0
19/07/2018;7;40416;29/03/2019;37830;0.936015439;167.0;123.0;29/03/2019;75150;0
19/07/2018;9;40407;30/03/2019;36660;0.907268543;169.0;127.5;;0;0
19/07/2018;7;40400;31/03/2019;34740;0.85990099;162.0;132.5;;0;0
19/07/2018;8;40392;01/04/2019;40560;1.004159239;166.5;120.5;01/04/2019;108570;0
19/07/2018;8;40384;02/04/2019;36390;0.901099445;162.0;123.0;;0;0
19/07/2018;8;40376;03/04/2019;36240;0.897562909;160.0;132.0;03/04/2019;76470;0
19/07/2018;7;40369;04/04/2019;36750;0.910352003;162.0;129.5;;0;0
19/07/2018;10;40359;05/04/2019;36390;0.901657623;160.0;135.5;05/04/2019;72540;0
19/07/2018;8;40351;06/04/2019;36390;0.901836386;169.0;119.0;;0;0
19/07/2018;10;40341;07/04/2019;36180;0.896854317;168.0;111.0;;0;0
19/07/2018;7;40334;08/04/2019;36690;0.909654386;166.0;129.5;08/04/2019;108390;0
19/07/2018;7;40327;09/04/2019;35520;0.880799464;168.0;117.5;09/04/2019;71650;0
19/07/2018;7;40320;10/04/2019;37650;0.933779762;158.0;115.0;;0;0
19/07/2018;10;40310;11/04/2019;35100;0.870751675;162.0;126.5;;0;0
19/07/2018;8;40302;12/04/2019;34020;0.844126842;167.0;133.0;12/04/2019;72330;0
19/07/2018;10;40292;13/04/2019;36930;0.916559118;165.0;132.5;;0;0
19/07/2018;8;40284;14/04/2019;35810;0.888938536;160.0;127.5;;0;0
19/07/2018;7;40277;15/04/2019;36030;0.894555205;163.0;116.0;15/04/2019;106190;0
19/07/2018;9;40268;16/04/2019;35460;0.88059998;162.0;108.0;;0;0
19/07/2018;8;40260;17/04/2019;35710;0.8869846;169.0;130.0;17/04/2019;70770;0
19/07/2018;8;40252;18/04/2019;38430;0.954735168;163.0;118.5;;0;0
19/07/2018;8;40244;19/04/2019;36090;0.896779644;165.0;126.0;19/04/2019;72720;0
19/07/2018;8;40236;20/04/2019;36030;0.895466746;158.0;126.0;20/04/2019;16200;0
19/07/2018;7;40229;21/04/2019;31950;0.794203187;162.0;130.5;;0;0
19/07/2018;7;40222;22/04/2019;39450;0.980806524;165.5;123.5;22/04/2019;19680;0
19/07/2018;9;40213;23/04/2019;35880;0.892248775;171.5;119.0;23/04/2019;106770;0
19/07/2018;8;40205;24/04/2019;34260;0.852132819;161.5;118.0;24/04/2019;35640;0
19/07/2018;9;40196;25/04/2019;37350;0.929196935;169.5;119.5;;0;0
19/07/2018;7;40189;26/04/2019;34950;0.869640947;162.0;120.0;26/04/2019;71100;0
19/07/2018;8;40181;27/04/2019;36060;0.897439088;158.0;115.0;;0;0
19/07/2018;9;40172;28/04/2019;35880;0.893159415;163.5;118.5;;0;0
19/07/2018;9;40163;29/04/2019;35370;0.880661305;162.5;121.5;29/04/2019;105990;0
19/07/2018;7;40156;30/04/2019;36390;0.906215759;170.5;124.5;30/04/2019;35130;0
19/07/2018;8;40148;01/05/2019;35550;0.885473747;168.5;128.5;;0;0
19/07/2018;8;40140;02/05/2019;35730;0.890134529;168.0;132.5;02/05/2019;71310;0
19/07/2018;8;40132;03/05/2019;34830;0.867885976;167.5;125.0;03/05/2019;35370;0
19/07/2018;9;40123;04/05/2019;29880;0.744710017;162.5;117.5;;0;0
19/07/2018;7;40116;05/05/2019;35130;0.87571044;162.0;127.5;;0;0
19/07/2018;8;40108;06/05/2019;36060;0.899072504;163.5;125.5;06/05/2019;105060;0
19/07/2018;7;40101;07/05/2019;34740;0.866312561;175.0;134.0;;0;0
19/07/2018;10;40091;08/05/2019;34980;0.872515028;169.5;129.0;08/05/2019;70320;0
19/07/2018;8;40083;09/05/2019;35040;0.874186064;159.5;129.0;09/05/2019;34680;0
19/07/2018;7;40076;10/05/2019;34650;0.864607246;174.5;115.5;;0;0
19/07/2018;9;40067;11/05/2019;34560;0.86255522;174.0;144.0;11/05/2019;69090;0
19/07/2018;8;40059;12/05/2019;34410;0.858983;178.0;120.5;;0;0
19/07/2018;8;40051;13/05/2019;34410;0.859154578;173.0;116.5;13/05/2019;68520;0
19/07/2018;7;40044;14/05/2019;34080;0.85106383;176.0;119.0;;0;0
19/07/2018;9;40035;15/05/2019;33960;0.848257774;180.5;136.5;15/05/2019;67800;0
19/07/2018;9;40026;16/05/2019;33720;0.842452406;175.0;120.0;;0;0
19/07/2018;8;40018;17/05/2019;33030;0.82537858;186.0;119.5;17/05/2019;67080;0
19/07/2018;7;40011;18/05/2019;33810;0.84501762;179.0;111.0;;0;0
19/07/2018;9;40002;19/05/2019;33990;0.849707515;188.5;127.0;;0;0
19/07/2018;7;39995;20/05/2019;33420;0.835604451;184.0;132.5;20/05/2019;100080;0
19/07/2018;8;39987;21/05/2019;33750;0.844024308;183.0;141.0;;0;0
19/07/2018;9;39978;22/05/2019;33180;0.829956476;182.5;119.5;22/05/2019;66690;0
19/07/2018;8;39970;23/05/2019;33450;0.836877658;187.5;117.5;23/05/2019;36910;0
19/07/2018;8;39962;24/05/2019;33150;0.829538061;181.5;120.0;24/05/2019;33060;2550
19/07/2018;8;39954;25/05/2019;32970;0.825198979;180.0;111.0;;0;0
19/07/2018;7;39947;26/05/2019;33060;0.827596565;179.0;119.0;;0;0
19/07/2018;8;39939;27/05/2019;31830;0.796965372;176.5;123.0;27/05/2019;98580;0
19/07/2018;7;39932;28/05/2019;32790;0.821145948;188.0;124.5;;0;0
19/07/2018;9;39923;29/05/2019;33030;0.827342635;186.0;111.5;29/05/2019;63660;0
19/07/2018;7;39916;30/05/2019;33390;0.836506664;185.0;131.5;;0;0
19/07/2018;8;39908;31/05/2019;33180;0.831412248;177.5;114.0;31/05/2019;69940;0
19/07/2018;7;39901;01/06/2019;33390;0.836821132;186.0;123.5;;0;0
19/07/2018;8;39893;02/06/2019;33090;0.829468829;202.0;136.0;;0;0
19/07/2018;8;39885;03/06/2019;32190;0.807070327;187.5;129.0;03/06/2019;98970;0
19/07/2018;7;39878;04/06/2019;32520;0.815487236;190.0;131.0;;0;0
19/07/2018;7;39871;05/06/2019;31830;0.798324597;191.5;113.5;05/06/2019;63990;0
19/07/2018;8;39863;06/06/2019;33060;0.829340491;197.0;126.5;;0;0
19/07/2018;8;39855;07/06/2019;32670;0.81972149;194.0;111.5;07/06/2019;64350;0
19/07/2018;9;39846;08/06/2019;33030;0.828941424;194.5;125.0;;0;0
19/07/2018;7;39839;09/06/2019;32760;0.822309797;195.0;121.0;;0;0
19/07/2018;7;39832;10/06/2019;32910;0.826220125;200.5;115.0;10/06/2019;97620;0
19/07/2018;10;39822;11/06/2019;32640;0.819647431;197.5;121.0;;0;0
19/07/2018;8;39814;12/06/2019;32030;0.804490883;207.0;120.5;12/06/2019;65040;0
19/07/2018;8;39806;13/06/2019;32370;0.813193991;199.0;137.0;;0;0
19/07/2018;9;39797;14/06/2019;32340;0.812624067;201.5;118.5;14/06/2019;63930;0
19/07/2018;9;39788;15/06/2019;31710;0.796973962;210.0;125.0;;0;0
19/07/2018;9;39779;16/06/2019;31080;0.781316775;205.0;113.0;;0;0
19/07/2018;10;39769;17/06/2019;31320;0.78754809;206.5;111.5;17/06/2019;94440;0
19/07/2018;8;39761;18/06/2019;31440;0.790724579;208.5;119.5;;0;0
19/07/2018;8;39753;19/06/2019;31170;0.784091767;204.5;111.5;19/06/2019;62340;0
19/07/2018;9;39744;20/06/2019;31110;0.782759662;205.5;113.5;20/06/2019;30960;0
19/07/2018;7;39737;21/06/2019;30240;0.761003599;208.0;102.5;21/06/2019;30870;0
19/07/2018;8;39729;22/06/2019;30300;0.762667069;212.5;109.5;;0;0
19/07/2018;9;39720;23/06/2019;30510;0.768126888;208.0;102.5;;0;0
19/07/2018;9;39711;24/06/2019;29670;0.747148145;205.5;106.5;24/06/2019;90270;0
19/07/2018;8;39703;25/06/2019;30990;0.780545551;211.5;109.5;25/06/2019;29340;0
19/07/2018;9;39694;26/06/2019;30180;0.760316421;209.5;107.5;26/06/2019;30720;1830
19/07/2018;17;39677;27/06/2019;30150;0.75988608;212.0;106.5;27/06/2019;29940;0
19/07/2018;23;39654;28/06/2019;29520;0.744439401;212.0;103.5;28/06/2019;29910;0
19/07/2018;16;39638;29/06/2019;27870;0.703113174;205.5;104.0;;0;0
19/07/2018;10;39628;30/06/2019;26020;0.65660644;210.0;109.5;;0;0
19/07/2018;8;39620;01/07/2019;29250;0.738263503;206.0;103.0;01/07/2019;86760;0
19/07/2018;8;39612;02/07/2019;29610;0.747500757;211.0;104.5;02/07/2019;29280;0
19/07/2018;24;39588;03/07/2019;29400;0.742649288;212.0;100.0;03/07/2019;29190;1840
19/07/2018;28;39560;04/07/2019;28380;0.717391304;205.5;106.5;04/07/2019;28230;0
19/07/2018;24;39536;05/07/2019;28350;0.717067989;211.0;108.5;05/07/2019;28140;0
19/07/2018;18;39518;06/07/2019;28830;0.729540969;207.5;103.0;;0;0
19/07/2018;26;39492;07/07/2019;27630;0.699635369;208.5;103.0;;0;0
19/07/2018;18;39474;08/07/2019;28350;0.718194254;207.5;104.5;08/07/2019;54150;0
19/07/2018;24;39450;09/07/2019;27960;0.708745247;207.5;105.0;09/07/2019;27810;0
19/07/2018;24;39426;10/07/2019;28140;0.713742201;211.5;104.0;;0;0
19/07/2018;27;39399;11/07/2019;28200;0.715754207;206.0;103.0;11/07/2019;55920;0
19/07/2018;37;39362;12/07/2019;27690;0.703470352;203.5;105.0;12/07/2019;27420;0
19/07/2018;32;39330;13/07/2019;27360;0.695652174;208.5;101.5;;0;0
19/07/2018;22;39308;14/07/2019;27990;0.71206879;211.0;103.5;;0;0
19/07/2018;23;39285;15/07/2019;28090;0.715031182;209.0;103.5;15/07/2019;82810;0
19/07/2018;38;39247;16/07/2019;27270;0.694830178;208.5;103.5;16/07/2019;27000;0
19/07/2018;28;39219;17/07/2019;27150;0.692266503;213.0;98.5;17/07/2019;26940;0
19/07/2018;22;39197;18/07/2019;27240;0.694951144;211.5;100.0;;0;0
19/07/2018;26;39171;19/07/2019;27570;0.703837022;217.5;99.5;19/07/2019;54420;0
19/07/2018;35;39136;20/07/2019;27390;0.69986713;219.5;97.5;;0;0
19/07/2018;36;39100;21/07/2019;27780;0.710485934;213.0;98.5;;0;0
19/07/2018;26;39074;22/07/2019;26880;0.687925475;212.0;101.5;22/07/2019;81420;0
19/07/2018;33;39041;23/07/2019;28650;0.733843908;217.0;99.0;23/07/2019;28440;0
19/07/2018;26;39015;24/07/2019;27690;0.709727028;217.5;99.5;24/07/2019;27480;0
19/07/2018;29;38986;25/07/2019;28050;0.719489047;212.0;102.0;25/07/2019;27840;1450
19/07/2018;22;38964;26/07/2019;29100;0.74684324;213.0;103.0;26/07/2019;28890;0
19/07/2018;33;38931;27/07/2019;27930;0.717423133;207.0;102.0;;0;0
19/07/2018;38;38893;28/07/2019;28260;0.726608901;209.5;104.0;;0;0
19/07/2018;15;38878;29/07/2019;29520;0.759298318;208.0;104.0;29/07/2019;85140;0
19/07/2018;25;38853;30/07/2019;29700;0.764419736;210.5;108.0;30/07/2019;29460;0
19/07/2018;25;38828;31/07/2019;29010;0.747141238;210.5;103.5;31/07/2019;31830;0
19/07/2018;22;38806;01/08/2019;29880;0.769984023;205.0;103.5;01/08/2019;29640;1600
19/07/2018;24;38782;02/08/2019;29940;0.772007632;210.0;107.5;02/08/2019;29700;0
19/07/2018;24;38758;03/08/2019;29070;0.750038702;211.5;103.0;;0;0
19/07/2018;18;38740;04/08/2019;29370;0.758131131;209.0;103.0;;0;0
19/07/2018;17;38723;05/08/2019;30300;0.782480696;203.0;104.5;05/08/2019;87960;0
19/07/2018;20;38703;06/08/2019;30090;0.777459112;214.0;102.5;06/08/2019;29820;0
19/07/2018;33;38670;07/08/2019;29730;0.768813033;208.0;101.0;07/08/2019;29430;0
19/07/2018;16;38654;08/08/2019;30660;0.793190873;216.5;109.0;08/08/2019;30330;2000
19/07/2018;16;38638;09/08/2019;29340;0.759356074;214.5;101.5;09/08/2019;29160;0
19/07/2018;26;38612;10/08/2019;30090;0.779291412;214.0;103.5;;0;0
19/07/2018;18;38594;11/08/2019;30540;0.791314712;212.5;102.5;;0;0
19/07/2018;16;38578;12/08/2019;30840;0.799419358;211.5;107.5;12/08/2019;90720;0
19/07/2018;23;38555;13/08/2019;29700;0.770328103;210.5;107.0;13/08/2019;29460;0
19/07/2018;19;38536;14/08/2019;30360;0.787834752;202.0;106.0;14/08/2019;30090;1490
19/07/2018;34;38502;15/08/2019;30060;0.780738663;211.5;102.5;;0;0
19/07/2018;19;38483;16/08/2019;30510;0.792817608;211.0;106.5;16/08/2019;60060;0
19/07/2018;13;38470;17/08/2019;29800;0.774629581;213.5;101.0;;0;0
19/07/2018;27;38443;18/08/2019;30030;0.781156517;213.0;101.5;;0;0
19/07/2018;19;38424;19/08/2019;28380;0.738600874;213.5;107.0;19/08/2019;87480;0
19/07/2018;17;38407;20/08/2019;30030;0.781888718;209.0;104.0;20/08/2019;29850;0
19/07/2018;24;38383;21/08/2019;28140;0.733137066;210.0;107.0;;0;0
19/07/2018;24;38359;22/08/2019;28440;0.741416617;207.0;108.5;22/08/2019;56190;0
19/07/2018;21;38338;23/08/2019;28890;0.753560436;210.5;112.0;23/08/2019;28650;2050
19/07/2018;21;38317;24/08/2019;28260;0.737531644;211.5;112.5;;0;0
19/07/2018;26;38291;25/08/2019;28320;0.739599384;210.0;109.5;;0;0
19/07/2018;15;38276;26/08/2019;29520;0.771240464;213.5;111.5;26/08/2019;85440;0
19/07/2018;18;38258;27/08/2019;29310;0.766114277;216.5;107.5;27/08/2019;29100;0
19/07/2018;18;38240;28/08/2019;28560;0.746861925;207.0;107.0;28/08/2019;28380;0
19/07/2018;41;38199;29/08/2019;29280;0.766512212;214.0;113.0;29/08/2019;29010;0
19/07/2018;26;38173;30/08/2019;29430;0.77096377;208.5;111.0;30/08/2019;29130;2080
19/07/2018;20;38153;31/08/2019;29460;0.772154221;215.5;114.0;;0;0
19/07/2018;23;38130;01/09/2019;29730;0.779701023;216.0;115.5;;0;0
19/07/2018;24;38106;02/09/2019;28980;0.760510156;213.0;112.0;02/09/2019;87060;0
19/07/2018;19;38087;03/09/2019;29140;0.765090451;209.5;112.5;03/09/2019;28840;0
19/07/2018;22;38065;04/09/2019;29770;0.782083279;210.5;114.0;04/09/2019;29400;0
19/07/2018;33;38032;05/09/2019;29250;0.769089188;212.5;115.5;05/09/2019;28860;0
19/07/2018;24;38008;06/09/2019;29160;0.767206904;212.0;115.5;06/09/2019;28860;2540
19/07/2018;28;37980;07/09/2019;29400;0.774091627;215.5;113.5;;0;0
19/07/2018;44;37936;08/09/2019;29130;0.767872206;209.0;115.0;;0;0
19/07/2018;37;37899;09/09/2019;29640;0.782078683;204.5;116.0;09/09/2019;87250;0
19/07/2018;44;37855;10/09/2019;29310;0.774270242;209.5;117.0;10/09/2019;29070;0
19/07/2018;49;37806;11/09/2019;29020;0.767603026;210.0;109.5;11/09/2019;28800;0
19/07/2018;46;37760;12/09/2019;29400;0.778601695;213.0;109.0;12/09/2019;29220;0
19/07/2018;44;37716;13/09/2019;29250;0.77553293;207.0;114.0;13/09/2019;28950;1960
19/07/2018;23;37693;14/09/2019;29100;0.772026636;211.0;114.0;;0;0
19/07/2018;43;37650;15/09/2019;29370;0.780079681;210.5;109.0;;0;0
19/07/2018;28;37622;16/09/2019;29670;0.78863431;212.5;114.5;16/09/2019;87240;0
19/07/2018;18;37604;17/09/2019;29310;0.779438358;213.5;113.5;17/09/2019;29040;0
19/07/2018;19;37585;18/09/2019;30030;0.798988958;213.0;114.5;18/09/2019;29910;0
19/07/2018;24;37561;19/09/2019;29700;0.790713772;207.5;117.0;19/09/2019;29400;0
19/07/2018;27;37534;20/09/2019;30120;0.802472425;208.0;116.0;20/09/2019;29790;1950
19/07/2018;19;37515;21/09/2019;30600;0.815673731;213.0;113.0;;0;0
19/07/2018;41;37474;22/09/2019;29370;0.783743395;212.5;115.0;;0;0
19/07/2018;15;37459;23/09/2019;29580;0.789663365;211.5;112.0;23/09/2019;89070;0
19/07/2018;23;37436;24/09/2019;31170;0.832621007;212.5;111.0;24/09/2019;30780;0
19/07/2018;22;37414;25/09/2019;29580;0.790613139;208.0;112.0;25/09/2019;29220;0
19/07/2018;33;37381;26/09/2019;30630;0.81940023;207.5;113.5;26/09/2019;30240;0
19/07/2018;39;37342;27/09/2019;28380;0.760002142;210.5;116.5;27/09/2019;28040;1980
19/07/2018;39;37303;28/09/2019;28200;0.75597137;211.0;114.0;;0;0
19/07/2018;28;37275;29/09/2019;27480;0.73722334;210.0;109.5;;0;0
19/07/2018;21;37254;30/09/2019;28440;0.763407956;210.5;110.0;30/09/2019;83220;0
19/07/2018;28;37226;01/10/2019;27810;0.747058507;211.5;114.0;01/10/2019;27360;0
19/07/2018;26;37200;02/10/2019;28080;0.75483871;208.5;111.0;02/10/2019;27630;0
19/07/2018;24;37176;03/10/2019;28620;0.769851517;212.5;116.0;03/10/2019;28140;0
19/07/2018;29;37147;04/10/2019;29130;0.784181764;212.0;113.0;04/10/2019;28950;2960
19/07/2018;31;37116;05/10/2019;28680;0.772712577;206.5;113.5;;0;0
19/07/2018;29;37087;06/10/2019;29430;0.793539515;211.5;113.5;;0;0
19/07/2018;32;37055;07/10/2019;29880;0.806368911;214.5;109.0;07/10/2019;87480;0
19/07/2018;36;37019;08/10/2019;30870;0.833896107;207.5;111.5;08/10/2019;30300;0
19/07/2018;35;36984;09/10/2019;30240;0.817650876;211.0;111.5;09/10/2019;29610;0
19/07/2018;38;36946;10/10/2019;31440;0.850971688;203.0;113.0;10/10/2019;17280;13950
19/07/2018;48;36898;11/10/2019;31560;0.855330912;203.0;116.0;11/10/2019;32290;2100
19/07/2018;39;36859;12/10/2019;31140;0.844841151;214.0;117.0;;0;0
19/07/2018;30;36829;13/10/2019;31290;0.849602216;207.0;115.0;;0;0
19/07/2018;32;36797;14/10/2019;30960;0.841372938;215.0;106.0;14/10/2019;92730;0
19/07/2018;24;36773;15/10/2019;30360;0.825605743;209.0;108.0;15/10/2019;30060;0
19/07/2018;30;36743;16/10/2019;30550;0.831450889;206.0;109.0;16/10/2019;30180;0
19/07/2018;33;36710;17/10/2019;30540;0.831925906;213.0;112.0;17/10/2019;30240;0
19/07/2018;33;36677;18/10/2019;30450;0.830220574;215.0;120.0;18/10/2019;30210;2920
19/07/2018;39;36638;19/10/2019;31020;0.846661936;207.0;110.0;;0;0
19/07/2018;39;36599;20/10/2019;30990;0.846744447;210.0;115.0;;0;0
19/07/2018;34;36565;21/10/2019;30690;0.839327225;208.0;110.0;21/10/2019;91140;0
19/07/2018;33;36532;22/10/2019;31110;0.851582175;200.0;117.0;22/10/2019;30630;0
19/07/2018;27;36505;23/10/2019;31320;0.857964662;215.0;105.0;23/10/2019;30660;0
19/07/2018;21;36484;24/10/2019;31050;0.851057998;195.0;109.0;;0;0
19/07/2018;32;36452;25/10/2019;31350;0.860035115;203.0;106.0;25/10/2019;61200;0
19/07/2018;38;36414;26/10/2019;31350;0.860932608;206.0;110.0;;0;0
19/07/2018;27;36387;27/10/2019;31320;0.86074697;210.0;109.0;;0;0
19/07/2018;19;36368;28/10/2019;30570;0.840574131;207.0;111.0;28/10/2019;91830;0
19/07/2018;21;36347;29/10/2019;30360;0.835282142;209.0;97.0;29/10/2019;30150;0
19/07/2018;27;36320;30/10/2019;30080;0.828193833;205.0;105.0;30/10/2019;29790;0
19/07/2018;30;36290;31/10/2019;30210;0.832460733;209.0;110.0;31/10/2019;29970;0
19/07/2018;18;36272;01/11/2019;30180;0.832046758;211.0;109.0;;0;0
19/07/2018;22;36250;02/11/2019;30270;0.835034483;208.0;106.0;02/11/2019;59910;0
19/07/2018;23;36227;03/11/2019;30180;0.833080299;198.0;110.0;;0;0
19/07/2018;21;36206;04/11/2019;30120;0.831906314;200.0;109.0;04/11/2019;59760;0
19/07/2018;21;36185;05/11/2019;30090;0.831560039;210.0;112.0;05/11/2019;29820;2160
19/07/2018;26;36159;06/11/2019;30360;0.83962499;215.0;98.0;06/11/2019;30120;0
19/07/2018;17;36142;07/11/2019;30090;0.832549389;200.0;117.0;;0;0
19/07/2018;25;36117;08/11/2019;30270;0.838109478;205.0;105.0;08/11/2019;89910;0
19/07/2018;19;36098;09/11/2019;30150;0.835226328;207.0;109.0;;0;0
19/07/2018;15;36083;10/11/2019;30180;0.836404955;200.0;109.0;;0;0
19/07/2018;14;36069;11/11/2019;29970;0.830907427;188.0;137.0;11/11/2019;89520;0
19/07/2018;17;36052;12/11/2019;30150;0.836292023;195.0;117.0;12/11/2019;29940;0
19/07/2018;26;36026;13/11/2019;30390;0.843557431;190.0;116.0;;0;0
19/07/2018;10;36016;14/11/2019;30060;0.834629054;185.0;119.0;14/11/2019;59940;0
19/07/2018;11;36005;15/11/2019;29880;0.829884738;210.0;122.0;15/11/2019;29670;0
19/07/2018;14;35991;16/11/2019;30150;0.837709427;195.0;109.0;;0;0
19/07/2018;16;35975;17/11/2019;30030;0.834746352;205.0;122.0;;0;0
19/07/2018;15;35960;18/11/2019;29850;0.830088988;185.0;117.0;18/11/2019;89310;0
19/07/2018;15;35945;19/11/2019;30150;0.838781472;190.0;122.0;19/11/2019;29910;0
19/07/2018;10;35935;20/11/2019;30210;0.840684569;220.0;115.0;20/11/2019;29970;0
19/07/2018;18;35917;21/11/2019;29940;0.833588551;170.0;101.0;;0;0
19/07/2018;18;35899;22/11/2019;30120;0.839020586;190.0;122.0;22/11/2019;59610;0
19/07/2018;21;35878;23/11/2019;29820;0.831150008;210.0;120.0;;0;0
19/07/2018;20;35858;24/11/2019;30240;0.843326454;200.0;137.0;;0;0
19/07/2018;19;35839;25/11/2019;30120;0.840425235;185.0;134.0;25/11/2019;89420;0
19/07/2018;18;35821;26/11/2019;29790;0.831635074;210.0;141.0;;0;0
19/07/2018;15;35806;27/11/2019;30030;0.838686254;190.0;122.0;27/11/2019;59310;0
19/07/2018;19;35787;28/11/2019;29990;0.838013804;185.0;125.0;28/11/2019;29760;0
19/07/2018;24;35763;29/11/2019;30480;0.852277493;195.0;126.0;29/11/2019;29910;0
19/07/2018;32;35731;30/11/2019;29580;0.827852565;205.0;142.0;;0;0
19/07/2018;40;35691;01/12/2019;29700;0.832142557;185.0;119.0;;0;0
19/07/2018;19;35672;02/12/2019;30060;0.84267773;190.0;120.0;02/12/2019;88350;0
19/07/2018;20;35652;03/12/2019;29960;0.840345563;210.0;101.0;03/12/2019;14520;0
19/07/2018;18;35634;04/12/2019;30740;0.862659258;205.0;116.0;04/12/2019;36540;0
19/07/2018;14;35620;05/12/2019;31387;0.881162268;195.0;116.0;05/12/2019;26870;0
19/07/2018;15;35605;06/12/2019;30040;0.843701727;190.0;120.0;06/12/2019;16110;0
19/07/2018;9;35596;07/12/2019;26000;0.730419148;198.0;111.0;;0;0
19/07/2018;18;35578;08/12/2019;25760;0.724042948;185.0;115.0;;0;0
19/07/2018;17;35561;09/12/2019;29050;0.816906161;170.0;120.0;09/12/2019;115977;0
19/07/2018;17;35544;10/12/2019;24060;0.676907495;190.0;118.0;;0;0
19/07/2018;14;35530;11/12/2019;24820;0.698564593;185.0;113.0;11/12/2019;37860;0
19/07/2018;16;35514;12/12/2019;22940;0.645942445;170.0;114.0;12/12/2019;20100;0
19/07/2018;15;35499;13/12/2019;23240;0.654666329;190.0;120.0;13/12/2019;20790;0
19/07/2018;23;35476;14/12/2019;23900;0.673694892;185.0;120.0;;0;0
19/07/2018;27;35449;15/12/2019;24920;0.702981748;160.0;118.0;;0;0
19/07/2018;25;35424;16/12/2019;23280;0.657181572;170.0;123.0;16/12/2019;66750;0
19/07/2018;44;35380;17/12/2019;23490;0.663934426;190.0;123.0;;0;0
19/07/2018;17;35363;18/12/2019;23490;0.664253598;195.0;116.0;18/12/2019;46590;0
19/07/2018;40;35323;19/12/2019;24400;0.690768055;180.0;117.0;;0;0
19/07/2018;50;35273;20/12/2019;25110;0.711875939;175.0;126.0;20/12/2019;48570;0
19/07/2018;38;35235;21/12/2019;24830;0.704697034;190.0;126.0;;0;0
19/07/2018;30;35205;22/12/2019;25290;0.718363869;170.0;117.0;;0;0
19/07/2018;34;35171;23/12/2019;25920;0.7369708;190.0;113.0;23/12/2019;75060;0
19/07/2018;28;35143;24/12/2019;25770;0.733289702;185.0;116.0;;0;0
19/07/2018;20;35123;25/12/2019;25980;0.739686245;160.0;150.0;;0;0
19/07/2018;16;35107;26/12/2019;26190;0.74600507;190.0;120.0;;0;0
19/07/2018;39;35068;27/12/2019;27030;0.770788183;180.0;111.0;27/12/2019;103740;0
19/07/2018;25;35043;28/12/2019;26330;0.751362612;160.0;116.0;;0;0
19/07/2018;18;35025;29/12/2019;26490;0.756316916;180.0;132.0;;0;0
19/07/2018;43;34982;30/12/2019;26370;0.753816248;170.0;117.0;30/12/2019;78480;0
19/07/2018;19;34963;31/12/2019;26280;0.751651746;185.0;114.0;;0;0
19/07/2018;35;34928;01/01/2020;25800;0.738662391;190.0;137.0;;0;0
19/07/2018;24;34904;02/01/2020;27480;0.787302315;185.0;111.0;02/01/2020;78690;0
19/07/2018;38;34866;03/01/2020;26730;0.766649458;200.0;126.0;03/01/2020;26400;5180
19/07/2018;17;34849;04/01/2020;26700;0.766162587;195.0;131.0;;0;0
19/07/2018;17;34832;05/01/2020;26520;0.761368856;187.0;116.0;;0;0
19/07/2018;14;34818;06/01/2020;27000;0.775460968;200.0;118.0;;0;0
19/07/2018;14;34804;07/01/2020;26670;0.766291231;180.0;115.0;07/01/2020;105930;0
19/07/2018;26;34778;08/01/2020;26430;0.759963195;188.0;120.0;;0;0
19/07/2018;26;34752;09/01/2020;26940;0.775207182;190.0;126.0;09/01/2020;52830;0
19/07/2018;13;34739;10/01/2020;26670;0.767725035;195.0;117.0;10/01/2020;26400;0
19/07/2018;24;34715;11/01/2020;26740;0.770272217;190.0;137.0;;0;0
19/07/2018;11;34704;12/01/2020;26880;0.774550484;188.0;160.0;;0;0
19/07/2018;14;34690;13/01/2020;26970;0.777457481;196.0;122.0;13/01/2020;79830;0
19/07/2018;24;34666;14/01/2020;26250;0.757226101;187.0;131.0;14/01/2020;25920;0
19/07/2018;31;34635;15/01/2020;26910;0.776959723;195.0;128.0;15/01/2020;26670;0
19/07/2018;16;34619;16/01/2020;26370;0.761720443;190.0;126.0;16/01/2020;26100;0
19/07/2018;26;34593;17/01/2020;26400;0.763160177;180.0;120.0;17/01/2020;26160;3720
19/07/2018;23;34570;18/01/2020;26580;0.768874747;190.0;116.0;;0;0
19/07/2018;30;34540;19/01/2020;26610;0.770411118;198.0;114.0;;0;0
19/07/2018;18;34522;20/01/2020;26520;0.768205782;187.0;117.0;20/01/2020;78930;0
19/07/2018;23;34499;21/01/2020;26490;0.767848343;210.0;132.0;21/01/2020;26280;0
19/07/2018;19;34480;22/01/2020;26370;0.764791183;195.0;116.0;22/01/2020;26100;0
19/07/2018;23;34457;23/01/2020;26210;0.760658212;188.0;111.0;23/01/2020;25920;0
19/07/2018;12;34445;24/01/2020;26610;0.772535927;205.0;120.0;24/01/2020;26340;0
19/07/2018;17;34428;25/01/2020;26610;0.772917393;195.0;150.0;;0;0
19/07/2018;14;34414;26/01/2020;26430;0.768001395;180.0;116.0;;0;0
19/07/2018;24;34390;27/01/2020;26490;0.770282059;200.0;113.0;27/01/2020;78810;0
19/07/2018;34;34356;28/01/2020;25740;0.749214111;190.0;117.0;28/01/2020;25500;0
19/07/2018;13;34343;29/01/2020;26250;0.764347902;180.0;126.0;29/01/2020;25920;0
19/07/2018;24;34319;30/01/2020;26250;0.764882427;198.0;117.0;30/01/2020;25980;0
19/07/2018;20;34299;31/01/2020;25870;0.754249395;185.0;90.0;31/01/2020;25560;3760
19/07/2018;18;34281;01/02/2020;25920;0.756103964;196.0;118.0;;0;0
19/07/2018;22;34259;02/02/2020;25950;0.757465192;195.0;123.0;;0;0
19/07/2018;16;34243;03/02/2020;26040;0.760447391;188.0;124.0;03/02/2020;77100;0
19/07/2018;28;34215;04/02/2020;25620;0.748794388;185.0;115.0;04/02/2020;25320;0
19/07/2018;15;34200;05/02/2020;26070;0.762280702;190.0;120.0;05/02/2020;25830;0
19/07/2018;14;34186;06/02/2020;25680;0.751184695;182.0;116.0;02/06/2020;25410;0
19/07/2018;11;34175;07/02/2020;25620;0.749670812;190.0;118.0;07/02/2020;25440;0
19/07/2018;13;34162;08/02/2020;25320;0.741174404;195.0;122.0;;0;0
19/07/2018;11;34151;09/02/2020;25560;0.748440748;188.0;110.0;;0;0
19/07/2018;26;34125;10/02/2020;25890;0.758681319;192.0;122.0;10/02/2020;76110;0
19/07/2018;16;34109;11/02/2020;24690;0.723855874;190.0;115.0;11/02/2020;24480;0
19/07/2018;30;34079;12/02/2020;24960;0.732415857;185.0;120.0;12/02/2020;24690;0
19/07/2018;19;34060;13/02/2020;25120;0.73752202;186.0;119.0;13/02/2020;24930;3260
19/07/2018;17;34043;14/02/2020;25150;0.738771554;192.0;123.0;14/02/2020;24930;0
19/07/2018;25;34018;15/02/2020;25110;0.738138632;185.0;115.0;;0;0
19/07/2018;24;33994;16/02/2020;25030;0.736306407;188.0;122.0;;0;0
19/07/2018;19;33975;17/02/2020;24750;0.728476821;190.0;120.0;17/02/2020;74040;0
19/07/2018;16;33959;18/02/2020;25050;0.73765423;195.0;124.0;18/02/2020;24840;0
19/07/2018;13;33946;19/02/2020;24690;0.727331644;187.0;118.0;19/02/2020;24390;0
19/07/2018;20;33926;20/02/2020;24510;0.722454754;189.0;121.0;20/02/2020;24270;0
19/07/2018;20;33906;21/02/2020;25350;0.747655282;185.0;115.0;21/02/2020;25080;0
19/07/2018;11;33895;22/02/2020;24720;0.729311108;190.0;119.0;;0;0
19/07/2018;18;33877;23/02/2020;24750;0.730584172;186.0;120.0;;0;0
19/07/2018;23;33854;24/02/2020;24410;0.721037396;181.0;118.0;24/02/2020;73080;0
19/07/2018;18;33836;25/02/2020;25290;0.747428774;188.0;115.0;25/02/2020;24960;0
19/07/2018;19;33817;26/02/2020;24940;0.737498891;191.0;120.0;;0;0
19/07/2018;52;33765;27/02/2020;25160;0.745150304;190.0;125.0;27/02/2020;49500;0
19/07/2018;41;33724;28/02/2020;24660;0.731229985;190.0;123.0;28/02/2020;24360;3990
19/07/2018;15;33709;29/02/2020;24940;0.739861758;189.0;123.0;29/02/2020;24630;0
19/07/2018;24;33685;01/03/2020;24810;0.736529613;188.0;125.0;;0;0
19/07/2018;11;33674;02/03/2020;24400;0.724594643;185.0;128.0;02/03/2020;48660;0
19/07/2018;20;33654;03/03/2020;25240;0.749985143;186.0;130.0;03/03/2020;24960;0
19/07/2018;20;33634;04/03/2020;24750;0.73586252;190.0;122.0;04/03/2020;24480;0
19/07/2018;15;33619;05/03/2020;24790;0.737380648;182.0;121.0;;0;0
19/07/2018;12;33607;06/03/2020;24870;0.7400244;186.0;127.0;06/03/2020;49080;0
19/07/2018;25;33582;07/03/2020;24850;0.739979751;183.0;116.0;;0;0
19/07/2018;23;33559;08/03/2020;24880;0.741380852;188.0;128.0;;0;0
19/07/2018;18;33541;09/03/2020;25160;0.750126711;190.0;127.0;09/03/2020;73830;0
19/07/2018;22;33519;10/03/2020;24580;0.733315433;192.0;130.0;10/03/2020;24270;0
19/07/2018;33;33486;11/03/2020;24450;0.730155886;185.0;126.0;11/03/2020;24060;0
19/07/2018;23;33463;12/03/2020;24460;0.730956579;186.0;128.0;;0;0
19/07/2018;22;33441;13/03/2020;24450;0.731138423;191.0;132.0;13/03/2020;48330;3990
19/07/2018;23;33418;14/03/2020;24410;0.730444671;185.0;125.0;;0;0
19/07/2018;20;33398;15/03/2020;24080;0.721001258;188.0;123.0;;0;0
19/07/2018;20;33378;16/03/2020;23970;0.718137695;189.0;127.0;16/03/2020;71730;0
19/07/2018;14;33364;17/03/2020;24360;0.730128282;191.0;129.0;17/03/2020;24060;0
19/07/2018;19;33345;18/03/2020;24930;0.747638327;186.0;130.0;18/03/2020;24630;0
19/07/2018;19;33326;19/03/2020;24630;0.739062594;187.0;125.0;;0;0
19/07/2018;25;33301;20/03/2020;24570;0.737815681;193.0;128.0;20/03/2020;48570;0
19/07/2018;24;33277;21/03/2020;24390;0.732938666;190.0;126.0;21/03/2020;24060;0
19/07/2018;24;33253;22/03/2020;24300;0.730761134;189.0;126.0;;0;0
19/07/2018;15;33238;23/03/2020;23490;0.706721223;180.0;118.0;23/03/2020;47130;0
19/07/2018;20;33218;24/03/2020;24930;0.750496719;183.0;115.0;;0;0
19/07/2018;30;33188;25/03/2020;24450;0.736712065;185.0;110.0;25/03/2020;48750;0
19/07/2018;29;33159;26/03/2020;24660;0.743689496;188.0;119.0;;0;0
19/07/2018;19;33140;27/03/2020;24120;0.727821364;186.0;127.0;27/03/2020;48180;0
19/07/2018;19;33121;28/03/2020;24420;0.737296579;180.0;121.0;28/03/2020;23850;0
19/07/2018;25;33096;29/03/2020;23910;0.7224438;183.0;122.0;;0;0
19/07/2018;19;33077;30/03/2020;23610;0.713789038;180.0;121.0;30/03/2020;46800;0
19/07/2018;25;33052;31/03/2020;23970;0.725220864;190.0;137.0;;0;0
19/07/2018;20;33032;01/04/2020;24030;0.727476387;185.0;119.0;01/04/2020;47130;0
19/07/2018;15;33017;02/04/2020;24210;0.733258624;180.0;116.0;02/04/2020;23880;0
19/07/2018;22;32995;03/04/2020;24150;0.73192908;190.0;135.0;03/04/2020;23760;3750
19/07/2018;20;32975;04/04/2020;24000;0.727824109;180.0;119.0;;0;0
19/07/2018;25;32950;05/04/2020;23760;0.721092564;196.0;142.0;;0;0
19/07/2018;17;32933;06/04/2020;23790;0.722375733;192.0;134.0;06/04/2020;70320;0
19/07/2018;23;32910;07/04/2020;23940;0.727438469;182.0;113.0;;0;0
19/07/2018;23;32887;08/04/2020;23370;0.710615137;185.0;122.0;08/04/2020;46560;0
19/07/2018;24;32863;09/04/2020;23340;0.710221221;188.0;110.0;;0;0
19/07/2018;21;32842;10/04/2020;23460;0.714329213;186.0;110.0;;0;0
19/07/2018;21;32821;11/04/2020;23190;0.706559825;188.0;115.0;11/04/2020;68520;3630
19/07/2018;28;32793;12/04/2020;23460;0.715396579;187.0;150.0;;0;0
19/07/2018;19;32774;13/04/2020;21990;0.670958687;190.0;127.0;;0;0
19/07/2018;19;32755;14/04/2020;24330;0.742787361;192.0;117.0;;0;0
19/07/2018;20;32735;15/04/2020;23880;0.729494425;185.0;114.0;15/04/2020;91860;0
19/07/2018;24;32711;16/04/2020;23310;0.712604323;183.0;117.0;;0;0
19/07/2018;31;32680;17/04/2020;23430;0.716952264;180.0;114.0;17/04/2020;45660;0
19/07/2018;20;32660;18/04/2020;23400;0.71647275;185.0;109.0;;0;0
19/07/2018;22;32638;19/04/2020;22650;0.693976347;180.0;109.0;;0;0
19/07/2018;21;32617;20/04/2020;23700;0.726614955;183.0;115.0;20/04/2020;68310;0
19/07/2018;24;32593;21/04/2020;22390;0.686957322;185.0;117.0;;0;0
19/07/2018;27;32566;22/04/2020;22860;0.701959098;180.0;110.0;22/04/2020;44640;5010
19/07/2018;30;32536;23/04/2020;22350;0.686931399;190.0;120.0;;0;0
19/07/2018;23;32513;24/04/2020;22650;0.696644419;183.0;113.0;24/04/2020;44010;0
19/07/2018;22;32491;25/04/2020;22890;0.704502785;192.0;125.0;;0;0
19/07/2018;26;32465;26/04/2020;22260;0.685661482;180.0;110.0;;0;0
19/07/2018;27;32438;27/04/2020;22020;0.678833467;190.0;114.0;27/04/2020;66270;0
19/07/2018;34;32404;28/04/2020;22620;0.698061968;188.0;112.0;;0;0
19/07/2018;19;32385;29/04/2020;21690;0.669754516;187.0;116.0;29/04/2020;43590;0
19/07/2018;26;32359;30/04/2020;22160;0.684817207;183.0;120.0;30/04/2020;21600;0
19/07/2018;24;32335;01/05/2020;22230;0.687490336;185.0;110.0;;0;0
19/07/2018;21;32314;02/05/2020;21880;0.677105898;192.0;118.0;;0;0
19/07/2018;24;32290;03/05/2020;22050;0.682873955;180.0;121.0;;0;0
19/07/2018;23;32267;04/05/2020;21560;0.668174916;193.0;108.0;04/05/2020;85890;5040
19/07/2018;27;32240;05/05/2020;21720;0.67369727;180.0;115.0;;0;0
19/07/2018;22;32218;06/05/2020;21620;0.671053448;183.0;107.0;06/05/2020;42390;0
19/07/2018;25;32193;07/05/2020;20910;0.649520082;190.0;109.0;;0;0
19/07/2018;21;32172;08/05/2020;21090;0.655538978;195.0;110.0;08/05/2020;41070;0
19/07/2018;23;32149;09/05/2020;21020;0.653830601;185.0;118.0;09/05/2020;20490;0
19/07/2018;22;32127;10/05/2020;21270;0.66205995;180.0;114.0;;0;0
19/07/2018;30;32097;11/05/2020;20400;0.635573418;187.0;119.0;11/05/2020;40950;0
19/07/2018;27;32070;12/05/2020;20760;0.647333957;185.0;112.0;12/05/2020;20400;0
19/07/2018;31;32039;13/05/2020;20460;0.63859671;190.0;110.0;13/05/2020;20190;0
19/07/2018;31;32008;14/05/2020;20470;0.639527618;183.0;111.0;;0;0
19/07/2018;24;31984;15/05/2020;20700;0.647198599;186.0;114.0;15/05/2020;40260;0
19/07/2018;24;31960;16/05/2020;20340;0.636420526;190.0;117.0;;0;0
19/07/2018;27;31933;17/05/2020;20100;0.629442896;180.0;110.0;;0;0
19/07/2018;25;31908;18/05/2020;20160;0.631816472;187.0;120.0;18/05/2020;59700;0
19/07/2018;32;31876;19/05/2020;20090;0.630254737;185.0;114.0;;0;0
