Arrival Chickens Date;Chickens Death Per Day;Current Chickens;Date of Laid;# of Eggs;% laied;Water Consumption (gr);Feed Consumption (gr);Date of Selling;# Eggs sold (First quality);# Eggs sold (Second quality)
19/07/2018;;42173;07/08/2018;0;0.00%;81.0;59.5;;0;0
19/07/2018;5;42168;08/08/2018;0;0.00%;81.5;65.0;;0;0
19/07/2018;2;42166;09/08/2018;0;0.00%;83.5;69.0;;0;0
19/07/2018;2;42164;10/08/2018;0;0.00%;82.0;67.5;;0;0
19/07/2018;4;42160;11/08/2018;0;0.00%;84.0;80.0;;0;0
19/07/2018;5;42155;12/08/2018;0;0.00%;83.5;72.5;;0;0
19/07/2018;4;42151;13/08/2018;0;0.00%;83.0;70.0;;0;0
19/07/2018;6;42145;14/08/2018;0;0.00%;84.5;69.5;;0;0
19/07/2018;8;42137;15/08/2018;10080;23.92%;87.0;75.5;;0;0
19/07/2018;4;42133;16/08/2018;0;0.00%;86.0;76.5;;0;0
19/07/2018;6;42127;17/08/2018;10050;23.86%;86.0;78.0;;0;0
19/07/2018;4;42123;18/08/2018;0;0.00%;86.5;71.5;18/08/2018;43200;0
19/07/2018;9;42114;19/08/2018;0;0.00%;81.5;68.5;;0;0
19/07/2018;;;20/08/2018;32430;;85.0;77.5;20/08/2018;41040;0
19/07/2018;21;42093;21/08/2018;26670;63.36%;87.0;78.0;;0;0
19/07/2018;10;42083;22/08/2018;19950;47.41%;89.5;88.0;;0;0
19/07/2018;12;42071;23/08/2018;21660;51.48%;89.5;74.5;23/08/2018;43200;0
19/07/2018;8;42063;24/08/2018;23250;55.27%;90.0;75.5;;0;0
19/07/2018;3;42060;25/08/2018;24390;57.99%;91.5;76.0;;0;0
19/07/2018;5;42055;26/08/2018;26430;62.85%;93.0;81.5;;0;0
19/07/2018;6;42049;27/08/2018;26370;62.71%;94.0;87.5;27/08/2018;97680;0
19/07/2018;5;42044;28/08/2018;26340;62.65%;95.5;94.0;;0;0
19/07/2018;6;42038;29/08/2018;27360;65.08%;96.5;94.0;;0;0
19/07/2018;7;42031;30/08/2018;26270;62.50%;100.0;87.0;30/08/2018;79710;0
19/07/2018;6;42025;31/08/2018;25920;61.68%;101.5;89.5;31/08/2018;25050;0
19/07/2018;6;42019;01/09/2018;31770;75.61%;100.0;97.0;;0;0
19/07/2018;7;42012;02/09/2018;31960;76.07%;101.0;105.5;;0;0
19/07/2018;7;42005;03/09/2018;33520;79.80%;104.5;102.0;03/09/2018;87750;0
19/07/2018;4;42001;04/09/2018;35440;84.38%;107.0;119.5;;0;0
19/07/2018;7;41994;05/09/2018;35300;84.06%;110.0;113.0;05/09/2018;66450;0
19/07/2018;6;41988;06/09/2018;36310;86.48%;110.5;119.0;;0;0
19/07/2018;6;41982;07/09/2018;38340;91.32%;111.0;115.5;07/09/2018;68990;8270
19/07/2018;5;41977;08/09/2018;35650;84.93%;112.0;111.0;;0;0
19/07/2018;5;41972;09/09/2018;37540;89.44%;107.5;121.5;;0;0
19/07/2018;5;41967;10/09/2018;38070;90.71%;117.5;118.0;10/09/2018;107880;0
19/07/2018;2;41965;11/09/2018;37240;88.74%;120.0;116.0;;0;0
19/07/2018;4;41961;12/09/2018;39690;94.59%;119.5;119.0;12/09/2018;72810;0
19/07/2018;5;41956;13/09/2018;38380;91.48%;121.5;129.0;13/09/2018;38400;8280
19/07/2018;6;41950;14/09/2018;38990;92.94%;123.5;110.5;14/09/2018;37380;0
19/07/2018;4;41946;15/09/2018;39080;93.17%;125.5;108.0;;0;0
19/07/2018;;;16/09/2018;39770;;128.5;120.0;;0;0
19/07/2018;4;41942;17/09/2018;38405;91.57%;128.0;123.0;17/09/2018;114750;0
19/07/2018;5;41937;18/09/2018;39350;93.83%;126.0;118.5;;0;0
19/07/2018;3;41934;19/09/2018;39780;94.86%;129.0;120.5;19/09/2018;64720;7620
19/07/2018;3;41931;20/09/2018;40095;95.62%;144.0;117.0;;0;0
19/07/2018;5;41926;21/09/2018;39890;95.14%;138.5;117.5;21/09/2018;77730;0
19/07/2018;4;41922;22/09/2018;40010;95.44%;138.0;118.5;;0;0
19/07/2018;4;41918;23/09/2018;40400;96.38%;135.0;121.0;;0;0
19/07/2018;;;24/09/2018;41390;;138.0;125.5;24/09/2018;117450;0
19/07/2018;2;41915;25/09/2018;39650;94.60%;139.0;121.5;25/09/2018;40500;0
19/07/2018;3;41912;26/09/2018;40610;96.89%;140.5;118.0;26/09/2018;38880;0
19/07/2018;;;27/09/2018;40130;;130.5;117.5;;0;0
19/07/2018;5;41906;28/09/2018;40780;97.31%;143.5;122.0;28/09/2018;79230;8100
19/07/2018;;;29/09/2018;40070;;132.0;111.0;;0;0
19/07/2018;;;30/09/2018;40950;;149.0;122.0;;0;0
19/07/2018;;;01/10/2018;40380;;144.5;117.0;01/10/2018;118950;0
19/07/2018;3;41900;02/10/2018;40520;96.71%;141.5;120.0;;0;0
19/07/2018;4;41896;03/10/2018;40600;96.91%;148.0;123.0;03/10/2018;79410;0
19/07/2018;;;04/10/2018;40690;;137.0;116.0;;0;0
19/07/2018;;;05/10/2018;40880;;145.0;122.0;05/10/2018;79470;6080
19/07/2018;2;41893;06/10/2018;39880;95.19%;127.5;118.0;;0;0
19/07/2018;1;41892;07/10/2018;41660;99.45%;137.5;119.5;;0;0
19/07/2018;;;08/10/2018;40650;;133.5;122.0;08/10/2018;119820;0
19/07/2018;3;41889;09/10/2018;40430;96.52%;137.5;119.0;;0;0
19/07/2018;3;41886;10/10/2018;40400;96.45%;140.5;119.5;10/10/2018;79350;0
19/07/2018;3;41883;11/10/2018;39640;94.64%;139.0;114.0;;0;0
19/07/2018;;;12/10/2018;41090;;139.0;122.5;12/10/2018;78450;5990
19/07/2018;3;41879;13/10/2018;41130;98.21%;147.5;128.0;;0;0
19/07/2018;3;41876;14/10/2018;40650;97.07%;144.5;122.0;;0;0
19/07/2018;3;41873;15/10/2018;40850;97.56%;144.5;120.0;15/10/2018;120360;0
19/07/2018;3;41870;16/10/2018;40610;96.99%;141.0;119.5;;0;0
19/07/2018;4;41866;17/10/2018;41270;98.58%;139.5;118.0;17/10/2018;79800;0
19/07/2018;4;41862;18/10/2018;39630;94.67%;147.0;122.0;;0;0
19/07/2018;3;41859;19/10/2018;40790;97.45%;143.0;118.0;19/10/2018;79350;5940
19/07/2018;3;41856;20/10/2018;40660;97.14%;139.0;114.0;;0;0
19/07/2018;3;41853;21/10/2018;41130;98.27%;138.5;115.0;;0;0
19/07/2018;3;41850;22/10/2018;40660;97.16%;141.0;123.0;22/10/2018;119800;0
19/07/2018;3;41847;23/10/2018;41550;99.29%;139.5;115.0;;0;0
19/07/2018;2;41845;24/10/2018;40790;97.48%;138.0;123.0;24/10/2018;80430;0
19/07/2018;4;41841;25/10/2018;40710;97.30%;137.5;122.5;;0;0
19/07/2018;6;41835;26/10/2018;40810;97.55%;132.5;116.0;26/10/2018;79680;6460
19/07/2018;3;41832;27/10/2018;41050;98.13%;129.5;117.0;;0;0
19/07/2018;2;41830;28/10/2018;40790;97.51%;142.5;125.5;;0;0
19/07/2018;5;41825;29/10/2018;41120;98.31%;134.0;116.5;29/10/2018;120180;0
19/07/2018;3;41822;30/10/2018;40420;96.65%;141.5;128.0;;0;0
19/07/2018;3;41819;31/10/2018;40740;97.42%;139.0;124.0;31/10/2018;79950;0
19/07/2018;4;41815;01/11/2018;41150;98.41%;137.5;128.0;;0;0
19/07/2018;2;41813;02/11/2018;40210;96.17%;128.0;104.5;02/11/2018;79980;6210
19/07/2018;4;41809;03/11/2018;40660;97.25%;138.0;129.0;;0;0
19/07/2018;2;41807;04/11/2018;41100;98.31%;134.5;121.0;;0;0
19/07/2018;4;41803;05/11/2018;40400;96.64%;138.0;129.0;05/11/2018;119280;0
19/07/2018;3;41800;06/11/2018;40470;96.82%;133.5;129.0;;0;0
19/07/2018;3;41797;07/11/2018;40080;95.89%;137.5;134.5;07/11/2018;79020;0
19/07/2018;4;41793;08/11/2018;40740;97.48%;134.5;119.0;;0;0
19/07/2018;4;41789;09/11/2018;40300;96.44%;133.0;122.0;09/11/2018;78780;6220
19/07/2018;2;41787;10/11/2018;40710;97.42%;131.5;126.0;;0;0
19/07/2018;4;41783;11/11/2018;40830;97.72%;137.5;130.0;;0;0
19/07/2018;3;41780;12/11/2018;41230;98.68%;130.0;125.0;12/11/2018;118320;0
19/07/2018;4;41776;13/11/2018;40410;96.73%;132.0;129.5;;0;0
19/07/2018;4;41772;14/11/2018;40470;96.88%;133.0;128.0;14/11/2018;79080;0
19/07/2018;4;41768;15/11/2018;40750;97.56%;132.0;133.5;;0;0
19/07/2018;2;41766;16/11/2018;40770;97.62%;132.0;115.5;16/11/2018;79260;8150
19/07/2018;4;41762;17/11/2018;40570;97.15%;132.0;128.0;;0;0
19/07/2018;2;41760;18/11/2018;40340;96.60%;132.0;118.5;;0;0
19/07/2018;3;41757;19/11/2018;40880;97.90%;139.5;117.0;19/11/2018;119070;0
19/07/2018;5;41752;20/11/2018;40540;97.10%;147.5;124.0;;0;0
19/07/2018;3;41749;21/11/2018;41070;98.37%;147.0;119.5;21/11/2018;80040;0
19/07/2018;3;41746;22/11/2018;40860;97.88%;151.0;119.5;;0;0
19/07/2018;3;41743;23/11/2018;40800;97.74%;160.0;128.0;23/11/2018;80400;0
19/07/2018;4;41739;24/11/2018;40600;97.27%;157.0;125.5;;0;0
19/07/2018;2;41737;25/11/2018;41040;98.33%;151.5;119.5;;0;0
19/07/2018;3;41734;26/11/2018;36350;87.10%;156.5;118.5;26/11/2018;119700;0
19/07/2018;4;41730;27/11/2018;41000;98.25%;150.0;125.0;27/11/2018;34550;8280
19/07/2018;2;41728;28/11/2018;40000;95.86%;154.0;122.0;;0;0
19/07/2018;4;41724;29/11/2018;40900;98.03%;155.0;121.0;29/11/2018;79110;0
19/07/2018;3;41721;30/11/2018;40850;97.91%;154.0;112.5;30/11/2018;39930;0
19/07/2018;2;41719;01/12/2018;40920;98.08%;157.5;120.0;;0;0
19/07/2018;7;41712;02/12/2018;41240;98.87%;153.0;122.0;;0;0
19/07/2018;6;41706;03/12/2018;40980;98.26%;162.5;118.5;03/12/2018;120810;0
19/07/2018;3;41703;04/12/2018;40890;98.05%;163.0;126.0;;0;0
19/07/2018;2;41701;05/12/2018;40380;96.83%;152.5;127.0;05/12/2018;80550;6330
19/07/2018;3;41698;06/12/2018;40380;96.84%;152.5;126.5;;0;0
19/07/2018;3;41695;07/12/2018;40360;96.80%;156.5;121.0;07/12/2018;79680;0
19/07/2018;3;41692;08/12/2018;24540;58.86%;158.5;123.0;;0;0
19/07/2018;4;41688;09/12/2018;40370;96.84%;163.0;127.0;;0;0
19/07/2018;4;41684;10/12/2018;40620;97.45%;175.5;126.5;10/12/2018;120180;0
19/07/2018;2;41682;11/12/2018;40520;97.21%;171.5;125.0;;0;0
19/07/2018;4;41678;12/12/2018;40710;97.68%;164.0;120.0;12/12/2018;80250;0
19/07/2018;4;41674;13/12/2018;40790;97.88%;171.0;125.5;13/12/2018;80580;4630
19/07/2018;2;41672;14/12/2018;40770;97.84%;161.5;118.0;;0;0
19/07/2018;3;41669;15/12/2018;40500;97.19%;171.5;122.5;;0;0
19/07/2018;3;41666;16/12/2018;40670;97.61%;172.0;124.5;;0;0
19/07/2018;3;41663;17/12/2018;40440;97.06%;163.5;129.0;17/12/2018;120600;0
19/07/2018;3;41660;18/12/2018;40640;97.55%;170.0;119.0;;0;0
19/07/2018;3;41657;19/12/2018;40320;96.79%;167.5;119.0;19/12/2018;80100;0
19/07/2018;3;41654;20/12/2018;39960;95.93%;169.5;120.0;;0;0
19/07/2018;3;41651;21/12/2018;40110;96.30%;169.0;123.0;21/12/2018;79470;0
19/07/2018;4;41647;22/12/2018;41500;99.65%;168.5;120.5;;0;0
19/07/2018;4;41643;23/12/2018;40190;96.51%;170.0;124.5;;0;0
19/07/2018;6;41637;24/12/2018;40650;97.63%;165.0;126.5;24/12/2018;119610;0
19/07/2018;3;41634;25/12/2018;39330;94.47%;168.0;120.0;;0;0
19/07/2018;3;41631;26/12/2018;40800;98.00%;168.0;116.5;;0;0
19/07/2018;4;41627;27/12/2018;40590;97.51%;169.0;113.0;27/12/2018;119550;0
19/07/2018;5;41622;28/12/2018;40230;96.66%;164.0;116.0;28/12/2018;40110;0
19/07/2018;3;41619;29/12/2018;40290;96.81%;165.0;119.5;;0;0
19/07/2018;5;41614;30/12/2018;40080;96.31%;171.0;119.0;;0;0
19/07/2018;3;41611;31/12/2018;40200;96.61%;163.5;115.5;31/12/2018;119580;0
19/07/2018;4;41607;01/01/2019;39930;95.97%;164.5;118.0;;0;0
19/07/2018;2;41605;02/01/2019;40170;96.55%;168.5;115.5;02/01/2019;79530;4650
19/07/2018;3;41602;03/01/2019;40110;96.41%;163.5;115.0;;0;0
19/07/2018;3;41599;04/01/2019;40830;98.15%;169.5;116.0;04/01/2019;79620;0
19/07/2018;3;41596;05/01/2019;39300;94.48%;157.0;115.0;;0;0
19/07/2018;3;41593;06/01/2019;40230;96.72%;170.5;117.0;;0;0
19/07/2018;5;41588;07/01/2019;40290;96.88%;167.0;123.0;07/01/2019;119280;0
19/07/2018;3;41585;08/01/2019;39620;95.27%;170.0;122.5;;0;0
19/07/2018;3;41582;09/01/2019;40100;96.44%;161.5;122.0;09/01/2019;79290;0
19/07/2018;3;41579;10/01/2019;39990;96.18%;160.5;117.0;;0;0
19/07/2018;2;41577;11/01/2019;40170;96.62%;166.0;120.0;11/01/2019;79410;0
19/07/2018;4;41573;12/01/2019;39900;95.98%;167.0;125.5;;0;0
19/07/2018;2;41571;13/01/2019;39900;95.98%;168.0;118.0;;0;0
19/07/2018;4;41567;14/01/2019;40249;96.83%;169.0;122.0;14/01/2019;119040;0
19/07/2018;4;41563;15/01/2019;40230;96.79%;167.0;113.5;;0;0
19/07/2018;3;41560;16/01/2019;39690;95.50%;170.5;123.0;16/01/2019;79740;4650
19/07/2018;4;41556;17/01/2019;39840;95.87%;163.5;120.5;17/01/2019;78930;0
19/07/2018;2;41554;18/01/2019;40230;96.81%;170.0;120.5;;0;0
19/07/2018;4;41550;19/01/2019;39720;95.60%;163.5;126.0;;0;0
19/07/2018;3;41547;20/01/2019;39750;95.67%;167.5;125.5;;0;0
19/07/2018;4;41543;21/01/2019;39810;95.83%;168.0;128.0;21/01/2019;118740;0
19/07/2018;4;41539;22/01/2019;40110;96.56%;167.5;115.5;;0;0
19/07/2018;4;41535;23/01/2019;39590;95.32%;167.5;121.0;23/01/2019;79260;0
19/07/2018;2;41533;24/01/2019;39690;95.56%;170.5;121.5;;0;0
19/07/2018;3;41530;25/01/2019;39690;95.57%;164.5;124.0;25/01/2019;78630;0
19/07/2018;3;41527;26/01/2019;39700;95.60%;169.0;129.0;;0;0
19/07/2018;3;41524;27/01/2019;39450;95.01%;158.5;121.5;;0;0
19/07/2018;4;41520;28/01/2019;38910;93.71%;162.5;118.0;28/01/2019;117840;0
19/07/2018;3;41517;29/01/2019;39660;95.53%;168.5;129.0;;0;0
19/07/2018;3;41514;30/01/2019;39710;95.65%;165.5;121.0;30/01/2019;77880;4800
19/07/2018;3;41511;31/01/2019;38940;93.81%;170.5;127.0;;0;0
19/07/2018;5;41506;01/02/2019;39630;95.48%;167.5;119.0;01/02/2019;77940;0
19/07/2018;4;41502;02/02/2019;39300;94.69%;159.5;121.5;;0;0
19/07/2018;4;41498;03/02/2019;39510;95.21%;166.0;128.0;;0;0
19/07/2018;4;41494;04/02/2019;39270;94.64%;157.5;120.0;04/02/2019;117150;0
19/07/2018;3;41491;05/02/2019;39750;95.80%;169.0;122.5;;0;0
19/07/2018;2;41489;06/02/2019;39530;95.28%;157.0;122.5;06/02/2019;78240;0
19/07/2018;4;41485;07/02/2019;39570;95.38%;164.0;127.0;;0;0
19/07/2018;3;41482;08/02/2019;39220;94.55%;170.5;131.0;08/02/2019;78330;0
19/07/2018;5;41477;09/02/2019;39090;94.25%;164.5;125.0;;0;0
19/07/2018;4;41473;10/02/2019;39650;95.60%;163.5;120.0;;0;0
19/07/2018;3;41470;11/02/2019;38920;93.85%;167.5;124.0;11/02/2019;116910;4850
19/07/2018;5;41465;12/02/2019;38850;93.69%;163.0;121.0;12/02/2019;47310;0
19/07/2018;3;41462;13/02/2019;39440;95.12%;164.5;127.5;13/02/2019;29910;0
19/07/2018;4;41458;14/02/2019;38910;93.85%;160.5;124.5;;0;0
19/07/2018;3;41455;15/02/2019;38460;92.78%;166.0;120.0;15/02/2019;77700;0
19/07/2018;3;41452;16/02/2019;39500;95.29%;169.5;128.5;;0;0
19/07/2018;3;41449;17/02/2019;38820;93.66%;162.0;123.5;;0;0
19/07/2018;5;41444;18/02/2019;39030;94.18%;167.5;123.0;18/02/2019;115920;0
19/07/2018;3;41441;19/02/2019;38850;93.75%;161.5;122.5;;0;0
19/07/2018;5;41436;20/02/2019;38970;94.05%;171.0;127.0;20/02/2019;77310;0
19/07/2018;3;41433;21/02/2019;38600;93.16%;165.5;122.5;;0;0
19/07/2018;4;41429;22/02/2019;38280;92.40%;166.0;123.5;22/02/2019;77070;0
19/07/2018;5;41424;23/02/2019;39280;94.82%;166.5;127.0;;0;0
19/07/2018;5;41419;24/02/2019;38610;93.22%;167.0;132.0;;0;0
19/07/2018;5;41414;25/02/2019;39030;94.24%;157.5;124.5;25/02/2019;115350;0
19/07/2018;3;41411;26/02/2019;38580;93.16%;159.0;125.0;;0;0
19/07/2018;4;41407;27/02/2019;38790;93.68%;162.5;127.0;27/02/2019;77010;0
19/07/2018;3;41404;28/02/2019;38400;92.74%;159.0;122.0;;0;0
19/07/2018;3;41401;01/03/2019;38820;93.77%;162.0;131.0;01/03/2019;76590;0
19/07/2018;4;41397;02/03/2019;38850;93.85%;162.0;128.0;;0;0
19/07/2018;3;41394;03/03/2019;38670;93.42%;156.5;118.0;;0;0
19/07/2018;3;41391;04/03/2019;38280;92.48%;160.5;124.0;04/03/2019;115620;0
19/07/2018;2;41389;05/03/2019;38580;93.21%;160.0;125.0;;0;0
19/07/2018;5;41384;06/03/2019;38100;92.06%;157.0;124.5;06/03/2019;76320;0
19/07/2018;2;41382;07/03/2019;38160;92.21%;159.0;126.0;;0;0
19/07/2018;3;41379;08/03/2019;38700;93.53%;161.5;127.0;08/03/2019;75840;0
19/07/2018;3;41376;09/03/2019;38730;93.60%;158.0;122.0;;0;0
19/07/2018;4;41372;10/03/2019;38640;93.40%;161.0;123.5;;0;0
19/07/2018;3;41369;11/03/2019;38370;92.75%;165.0;129.0;11/03/2019;115320;0
19/07/2018;5;41364;12/03/2019;38430;92.91%;162.5;129.5;;0;0
19/07/2018;4;41360;13/03/2019;38880;94.00%;164.0;124.0;13/03/2019;76260;0
19/07/2018;4;41356;14/03/2019;38820;93.87%;170.5;117.5;;0;0
19/07/2018;2;41354;15/03/2019;38790;93.80%;165.5;121.0;15/03/2019;77100;0
19/07/2018;5;41349;16/03/2019;38310;92.65%;159.5;124.5;;0;0
19/07/2018;5;41344;17/03/2019;38210;92.42%;165.5;130.0;;0;0
19/07/2018;5;41339;18/03/2019;39300;95.07%;170.0;126.0;18/03/2019;114600;0
19/07/2018;5;41334;19/03/2019;37830;91.52%;171.0;120.0;;0;0
19/07/2018;;;20/03/2019;37870;;164.5;119.5;20/03/2019;76500;0
19/07/2018;3;41331;21/03/2019;38280;92.62%;163.5;116.5;;0;0
19/07/2018;;;22/03/2019;38100;;168.0;127.5;22/03/2019;75750;0
19/07/2018;4;41327;23/03/2019;38100;92.19%;167.0;126.5;;0;0
19/07/2018;2;41325;24/03/2019;38310;92.70%;161.5;125.5;;0;0
19/07/2018;3;41322;25/03/2019;38250;92.57%;166.0;122.0;25/03/2019;113910;0
19/07/2018;2;41320;26/03/2019;37740;91.34%;166.0;124.0;;0;0
19/07/2018;5;41315;27/03/2019;37920;91.78%;166.0;123.5;27/03/2019;75540;0
19/07/2018;2;41313;28/03/2019;37680;91.21%;166.5;121.5;;0;0
19/07/2018;3;41310;29/03/2019;37830;91.58%;167.0;123.0;29/03/2019;75150;0
19/07/2018;5;41305;30/03/2019;36660;88.75%;169.0;127.5;;0;0
19/07/2018;3;41302;31/03/2019;34740;84.11%;162.0;132.5;;0;0
19/07/2018;4;41298;01/04/2019;40560;98.21%;166.5;120.5;01/04/2019;108570;0
19/07/2018;4;41294;02/04/2019;36390;88.12%;;123.0;;0;0
19/07/2018;4;41290;03/04/2019;36240;87.77%;;132.0;03/04/2019;76470;0
19/07/2018;3;41287;04/04/2019;36750;89.01%;;129.5;;0;0
19/07/2018;;;05/04/2019;36390;;;135.5;05/04/2019;72540;0
19/07/2018;;;06/04/2019;36390;;;119.0;;0;0
19/07/2018;6;41278;07/04/2019;36180;87.65%;;111.0;;0;0
19/07/2018;3;41275;08/04/2019;36690;88.89%;;129.5;08/04/2019;108390;0
19/07/2018;3;41272;09/04/2019;35520;86.06%;;117.5;09/04/2019;71650;0
19/07/2018;3;41269;10/04/2019;37650;91.23%;;115.0;;0;0
19/07/2018;6;41263;11/04/2019;35100;85.06%;;126.5;;0;0
19/07/2018;4;41259;12/04/2019;34020;82.45%;;133.0;12/04/2019;72330;0
19/07/2018;6;41253;13/04/2019;36930;89.52%;;132.5;;0;0
19/07/2018;4;41249;14/04/2019;35810;86.81%;;127.5;;0;0
19/07/2018;3;41246;15/04/2019;36030;87.35%;;116.0;15/04/2019;106190;0
19/07/2018;5;41241;16/04/2019;35460;85.98%;;108.0;;0;0
19/07/2018;4;41237;17/04/2019;35710;86.60%;;130.0;17/04/2019;70770;0
19/07/2018;4;41233;18/04/2019;38430;93.20%;;118.5;;0;0
19/07/2018;4;41229;19/04/2019;36090;87.54%;;126.0;19/04/2019;72720;0
19/07/2018;4;41225;20/04/2019;36030;87.40%;;126.0;20/04/2019;16200;0
19/07/2018;3;41222;21/04/2019;31950;77.51%;;130.5;;0;0
19/07/2018;3;41219;22/04/2019;39450;95.71%;165.5;123.5;22/04/2019;19680;0
19/07/2018;5;41214;23/04/2019;35880;87.06%;171.5;119.0;23/04/2019;106770;0
19/07/2018;4;41210;24/04/2019;34260;83.14%;161.5;118.0;24/04/2019;35640;0
19/07/2018;5;41205;25/04/2019;37350;90.64%;169.5;119.5;;0;0
19/07/2018;3;41202;26/04/2019;34950;84.83%;162.0;120.0;26/04/2019;71100;0
19/07/2018;4;40898;27/04/2019;36060;88.17%;158.0;115.0;;0;0
19/07/2018;5;40893;28/04/2019;35880;87.74%;163.5;118.5;;0;0
19/07/2018;5;40888;29/04/2019;35370;86.50%;162.5;121.5;29/04/2019;105990;0
19/07/2018;3;41185;30/04/2019;36390;88.36%;170.5;124.5;30/04/2019;35130;0
19/07/2018;4;41181;01/05/2019;35550;86.33%;168.5;128.5;;0;0
19/07/2018;4;41177;02/05/2019;35730;86.77%;168.0;132.5;02/05/2019;71310;0
19/07/2018;4;41174;03/05/2019;34830;84.59%;167.5;125.0;03/05/2019;35370;0
19/07/2018;5;41170;04/05/2019;29880;72.58%;162.5;117.5;;0;0
19/07/2018;3;41166;05/05/2019;35130;85.34%;162.0;127.5;;0;0
19/07/2018;4;41163;06/05/2019;36060;87.60%;163.5;125.5;06/05/2019;105060;0
19/07/2018;3;41159;07/05/2019;34740;84.40%;175.0;134.0;;0;0
19/07/2018;6;41155;08/05/2019;34980;85.00%;169.5;129.0;08/05/2019;70320;0
19/07/2018;4;41150;09/05/2019;35040;85.15%;159.5;129.0;09/05/2019;34680;0
19/07/2018;3;41146;10/05/2019;34650;84.21%;174.5;115.5;;0;0
19/07/2018;5;41142;11/05/2019;34560;84.00%;174.0;144.0;11/05/2019;69090;0
19/07/2018;4;41138;12/05/2019;34410;83.65%;178.0;120.5;;0;0
19/07/2018;4;41134;13/05/2019;34410;83.65%;173.0;116.5;13/05/2019;68520;0
19/07/2018;3;41129;14/05/2019;34080;82.86%;176.0;119.0;;0;0
19/07/2018;5;41124;15/05/2019;33960;82.58%;180.5;136.5;15/05/2019;67800;0
19/07/2018;5;41119;16/05/2019;33720;82.01%;175.0;120.0;;0;0
19/07/2018;4;41115;17/05/2019;33030;80.34%;186.0;119.5;17/05/2019;67080;0
19/07/2018;3;41112;18/05/2019;33810;82.24%;179.0;111.0;;0;0
19/07/2018;5;41107;19/05/2019;33990;82.69%;188.5;127.0;;0;0
19/07/2018;3;41104;20/05/2019;33420;81.31%;184.0;132.5;20/05/2019;100080;0
19/07/2018;4;41100;21/05/2019;33750;82.12%;183.0;141.0;;0;0
19/07/2018;5;41095;22/05/2019;33180;80.74%;182.5;119.5;22/05/2019;66690;0
19/07/2018;4;41091;23/05/2019;33450;81.40%;187.5;117.5;23/05/2019;36910;0
19/07/2018;4;41087;24/05/2019;33150;80.68%;181.5;120.0;24/05/2019;33060;2550
19/07/2018;4;41083;25/05/2019;32970;80.25%;180.0;111.0;;0;0
19/07/2018;3;41080;26/05/2019;33060;80.48%;179.0;119.0;;0;0
19/07/2018;4;41076;27/05/2019;31830;77.49%;176.5;123.0;27/05/2019;98580;0
19/07/2018;3;41073;28/05/2019;32790;79.83%;188.0;124.5;;0;0
19/07/2018;5;41069;29/05/2019;33030;80.43%;186.0;111.5;29/05/2019;63660;0
19/07/2018;3;41066;30/05/2019;33390;81.31%;185.0;131.5;;0;0
19/07/2018;4;41063;31/05/2019;33180;80.80%;177.5;114.0;31/05/2019;69940;0
19/07/2018;3;41060;01/06/2019;33390;81.32%;186.0;123.5;;0;0
19/07/2018;4;41056;02/06/2019;33090;80.60%;202.0;136.0;;0;0
19/07/2018;4;41052;03/06/2019;32190;78.41%;187.5;129.0;03/06/2019;98970;0
19/07/2018;3;41048;04/06/2019;32520;79.22%;190.0;131.0;;0;0
19/07/2018;3;41046;05/06/2019;31830;77.55%;191.5;113.5;05/06/2019;63990;0
19/07/2018;4;41042;06/06/2019;33060;80.55%;197.0;126.5;;0;0
19/07/2018;4;41038;07/06/2019;32670;79.61%;194.0;111.5;07/06/2019;64350;0
19/07/2018;5;41033;08/06/2019;33030;80.50%;194.5;125.0;;0;0
19/07/2018;3;41029;09/06/2019;32760;79.85%;195.0;121.0;;0;0
19/07/2018;3;41026;10/06/2019;32910;80.22%;200.5;115.0;10/06/2019;97620;0
19/07/2018;6;41022;11/06/2019;32640;79.57%;197.5;121.0;;0;0
19/07/2018;4;41017;12/06/2019;32030;78.09%;207.0;120.5;12/06/2019;65040;0
19/07/2018;4;41013;13/06/2019;32370;78.93%;199.0;137.0;;0;0
19/07/2018;5;41008;14/06/2019;32340;78.86%;201.5;118.5;14/06/2019;63930;0
19/07/2018;5;41004;15/06/2019;31710;77.33%;210.0;125.0;;0;0
19/07/2018;5;40998;16/06/2019;31080;75.81%;205.0;113.0;;0;0
19/07/2018;6;40993;17/06/2019;31320;76.40%;206.5;111.5;17/06/2019;94440;0
19/07/2018;4;40988;18/06/2019;31440;76.71%;208.5;119.5;;0;0
19/07/2018;4;40984;19/06/2019;31170;76.05%;204.5;111.5;19/06/2019;62340;0
19/07/2018;5;40979;20/06/2019;31110;75.92%;205.5;113.5;20/06/2019;30960;0
19/07/2018;3;40975;21/06/2019;30240;73.80%;208.0;102.5;21/06/2019;30870;0
19/07/2018;4;40971;22/06/2019;30300;73.95%;212.5;109.5;;0;0
19/07/2018;5;40965;23/06/2019;30510;74.48%;208.0;102.5;;0;0
19/07/2018;5;40960;24/06/2019;29670;72.44%;205.5;106.5;24/06/2019;90270;0
19/07/2018;4;40956;25/06/2019;30990;75.67%;211.5;109.5;25/06/2019;29340;0
19/07/2018;5;40951;26/06/2019;30180;73.70%;209.5;107.5;26/06/2019;30720;1830
19/07/2018;13;40938;27/06/2019;30150;73.65%;212.0;106.5;27/06/2019;29940;0
19/07/2018;19;40919;28/06/2019;29520;72.14%;212.0;103.5;28/06/2019;29910;0
19/07/2018;12;40907;29/06/2019;12870;31.46%;205.5;104.0;;0;0
19/07/2018;6;40901;30/06/2019;16020;39.17%;210.0;109.5;;0;0
19/07/2018;4;40897;01/07/2019;29250;71.52%;206.0;103.0;01/07/2019;86760;0
19/07/2018;4;40893;02/07/2019;29610;72.41%;211.0;104.5;02/07/2019;29280;0
19/07/2018;20;40873;03/07/2019;29400;71.93%;212.0;100.0;03/07/2019;29190;1840
19/07/2018;24;40849;04/07/2019;28380;69.48%;205.5;106.5;04/07/2019;28230;0
19/07/2018;20;40829;05/07/2019;28350;69.44%;211.0;108.5;05/07/2019;28140;0
19/07/2018;14;40815;06/07/2019;28830;70.64%;207.5;103.0;;0;0
19/07/2018;22;40793;07/07/2019;27630;67.73%;208.5;103.0;;0;0
19/07/2018;14;40779;08/07/2019;28350;69.52%;207.5;104.5;08/07/2019;54150;0
19/07/2018;20;40759;09/07/2019;27960;68.60%;207.5;105.0;09/07/2019;27810;0
19/07/2018;20;40739;10/07/2019;28140;69.07%;211.5;104.0;;0;0
19/07/2018;23;40716;11/07/2019;28200;69.26%;206.0;103.0;11/07/2019;55920;0
19/07/2018;33;40683;12/07/2019;27690;68.06%;203.5;105.0;12/07/2019;27420;0
19/07/2018;28;40655;13/07/2019;27360;67.30%;208.5;101.5;;0;0
19/07/2018;18;40637;14/07/2019;27990;68.88%;211.0;103.5;;0;0
19/07/2018;19;40618;15/07/2019;28090;69.16%;209.0;103.5;15/07/2019;82810;0
19/07/2018;34;40584;16/07/2019;27270;67.19%;208.5;103.5;16/07/2019;27000;0
19/07/2018;24;40560;17/07/2019;27150;66.94%;213.0;98.5;17/07/2019;26940;0
19/07/2018;18;40542;18/07/2019;27240;67.19%;211.5;100.0;;0;0
19/07/2018;22;40520;19/07/2019;27570;68.04%;217.5;99.5;19/07/2019;54420;0
19/07/2018;31;40489;20/07/2019;27390;67.65%;219.5;97.5;;0;0
19/07/2018;32;40457;21/07/2019;27780;68.67%;213.0;98.5;;0;0
19/07/2018;22;40435;22/07/2019;26880;66.48%;212.0;101.5;22/07/2019;81420;0
19/07/2018;29;40406;23/07/2019;28650;70.91%;217.0;99.0;23/07/2019;28440;0
19/07/2018;22;40384;24/07/2019;27690;68.57%;217.5;99.5;24/07/2019;27480;0
19/07/2018;25;40359;25/07/2019;28050;69.50%;212.0;102.0;25/07/2019;27840;1450
19/07/2018;18;40341;26/07/2019;29100;72.14%;213.0;103.0;26/07/2019;28890;0
19/07/2018;29;40312;27/07/2019;27930;69.28%;207.0;102.0;;0;0
19/07/2018;34;40278;28/07/2019;28260;70.16%;209.5;104.0;;0;0
19/07/2018;11;40267;29/07/2019;29520;73.31%;208.0;104.0;29/07/2019;85140;0
19/07/2018;21;40246;30/07/2019;29700;73.80%;210.5;108.0;30/07/2019;29460;0
19/07/2018;21;40225;31/07/2019;29010;72.12%;210.5;103.5;31/07/2019;31830;0
19/07/2018;18;40207;01/08/2019;29880;74.32%;205.0;103.5;01/08/2019;29640;1600
19/07/2018;20;40187;02/08/2019;29940;74.50%;210.0;107.5;02/08/2019;29700;0
19/07/2018;20;40167;03/08/2019;29070;72.37%;211.5;103.0;;0;0
19/07/2018;14;40153;04/08/2019;29370;73.15%;209.0;103.0;;0;0
19/07/2018;13;40140;05/08/2019;30300;75.49%;203.0;104.5;05/08/2019;87960;0
19/07/2018;16;40124;06/08/2019;30090;74.99%;214.0;102.5;06/08/2019;29820;0
19/07/2018;29;40095;07/08/2019;29730;74.15%;208.0;101.0;07/08/2019;29430;0
19/07/2018;12;40083;08/08/2019;30660;76.49%;216.5;109.0;08/08/2019;30330;2000
19/07/2018;12;40071;09/08/2019;29340;73.22%;214.5;101.5;09/08/2019;29160;0
19/07/2018;22;40049;10/08/2019;30090;75.13%;214.0;103.5;;0;0
19/07/2018;14;40035;11/08/2019;30540;76.28%;212.5;102.5;;0;0
19/07/2018;12;40023;12/08/2019;30840;77.06%;211.5;107.5;12/08/2019;90720;0
19/07/2018;19;40004;13/08/2019;29700;74.24%;210.5;107.0;13/08/2019;29460;0
19/07/2018;15;39989;14/08/2019;30360;75.92%;202.0;106.0;14/08/2019;30090;1490
19/07/2018;30;39959;15/08/2019;30060;75.23%;211.5;102.5;;0;0
19/07/2018;15;39944;16/08/2019;30510;76.38%;211.0;106.5;16/08/2019;60060;0
19/07/2018;9;39935;17/08/2019;29800;74.62%;213.5;101.0;;0;0
19/07/2018;23;39912;18/08/2019;30030;75.24%;213.0;101.5;;0;0
19/07/2018;15;39897;19/08/2019;28380;71.13%;213.5;107.0;19/08/2019;87480;0
19/07/2018;13;39884;20/08/2019;30030;75.29%;209.0;104.0;20/08/2019;29850;0
19/07/2018;20;39864;21/08/2019;28140;70.59%;210.0;107.0;;0;0
19/07/2018;20;39844;22/08/2019;28440;71.38%;207.0;108.5;22/08/2019;56190;0
19/07/2018;17;39827;23/08/2019;28890;72.54%;210.5;112.0;23/08/2019;28650;2050
19/07/2018;17;39810;24/08/2019;28260;70.99%;211.5;112.5;;0;0
19/07/2018;22;39788;25/08/2019;28320;71.18%;210.0;109.5;;0;0
19/07/2018;11;39777;26/08/2019;29520;74.21%;213.5;111.5;26/08/2019;85440;0
19/07/2018;14;39763;27/08/2019;29310;73.71%;216.5;107.5;27/08/2019;29100;0
19/07/2018;14;39749;28/08/2019;28560;71.85%;207.0;107.0;28/08/2019;28380;0
19/07/2018;37;39712;29/08/2019;29280;73.73%;214.0;113.0;29/08/2019;29010;0
19/07/2018;22;39690;30/08/2019;29430;74.15%;208.5;111.0;30/08/2019;29130;2080
19/07/2018;16;39674;31/08/2019;29460;74.26%;215.5;114.0;;0;0
19/07/2018;19;39655;01/09/2019;29730;74.97%;216.0;115.5;;0;0
19/07/2018;20;39635;02/09/2019;28980;73.12%;213.0;112.0;02/09/2019;87060;0
19/07/2018;15;39620;03/09/2019;29140;73.55%;209.5;112.5;03/09/2019;28840;0
19/07/2018;18;39602;04/09/2019;29770;75.17%;210.5;114.0;04/09/2019;29400;0
19/07/2018;29;39573;05/09/2019;29250;73.91%;212.5;115.5;05/09/2019;28860;0
19/07/2018;20;39553;06/09/2019;29160;73.72%;212.0;115.5;06/09/2019;28860;2540
19/07/2018;24;39529;07/09/2019;29400;74.38%;215.5;113.5;;0;0
19/07/2018;64;39465;08/09/2019;29130;73.81%;209.0;115.0;;0;0
19/07/2018;33;39432;09/09/2019;29640;75.17%;204.5;116.0;09/09/2019;87250;0
19/07/2018;69;39363;10/09/2019;29310;74.46%;209.5;117.0;10/09/2019;29070;0
19/07/2018;;;11/09/2019;29020;;210.0;109.5;11/09/2019;28800;0
19/07/2018;42;39321;12/09/2019;29400;74.77%;213.0;109.0;12/09/2019;29220;0
19/07/2018;62;39259;13/09/2019;29250;74.51%;207.0;114.0;13/09/2019;28950;1960
19/07/2018;19;39240;14/09/2019;29100;74.16%;211.0;114.0;;0;0
19/07/2018;39;39201;15/09/2019;29370;74.92%;210.5;109.0;;0;0
19/07/2018;24;39177;16/09/2019;29670;75.73%;212.5;114.5;16/09/2019;87240;0
19/07/2018;14;39163;17/09/2019;29310;74.84%;213.5;113.5;17/09/2019;29040;0
19/07/2018;;;18/09/2019;30030;;213.0;114.5;18/09/2019;29910;0
19/07/2018;20;39143;19/09/2019;29700;75.88%;207.5;117.0;19/09/2019;29400;0
19/07/2018;23;39120;20/09/2019;30120;76.99%;208.0;116.0;20/09/2019;29790;1950
19/07/2018;15;39105;21/09/2019;30600;78.25%;213.0;113.0;;0;0
19/07/2018;37;39068;22/09/2019;29370;75.18%;212.5;115.0;;0;0
19/07/2018;11;39057;23/09/2019;29580;75.74%;211.5;112.0;23/09/2019;89070;0
19/07/2018;19;39038;24/09/2019;31170;79.85%;212.5;111.0;24/09/2019;30780;0
19/07/2018;18;39020;25/09/2019;29580;75.81%;208.0;112.0;25/09/2019;29220;0
19/07/2018;29;38991;26/09/2019;30630;78.56%;207.5;113.5;26/09/2019;30240;0
19/07/2018;35;38956;27/09/2019;28380;72.85%;210.5;116.5;27/09/2019;28040;1980
19/07/2018;35;38921;28/09/2019;28200;72.45%;211.0;114.0;;0;0
19/07/2018;24;38897;29/09/2019;27480;70.65%;210.0;109.5;;0;0
19/07/2018;17;38880;30/09/2019;28440;73.15%;210.5;110.0;30/09/2019;83220;0
19/07/2018;24;38856;01/10/2019;27810;71.57%;211.5;114.0;01/10/2019;27360;0
19/07/2018;22;38834;02/10/2019;28080;72.31%;208.5;111.0;02/10/2019;27630;0
19/07/2018;20;38814;03/10/2019;28620;73.74%;212.5;116.0;03/10/2019;28140;0
19/07/2018;25;38789;04/10/2019;29130;75.10%;212.0;113.0;04/10/2019;28950;2960
19/07/2018;27;38762;05/10/2019;28680;73.99%;206.5;113.5;;0;0
19/07/2018;25;38737;06/10/2019;29430;75.97%;211.5;113.5;;0;0
19/07/2018;28;38709;07/10/2019;29880;77.19%;214.5;109.0;07/10/2019;87480;0
19/07/2018;32;38677;08/10/2019;30870;79.81%;207.5;111.5;08/10/2019;30300;0
19/07/2018;31;38646;09/10/2019;30240;78.25%;211.0;111.5;09/10/2019;29610;0
19/07/2018;34;38612;10/10/2019;31440;81.43%;203.0;113.0;10/10/2019;17280;13950
19/07/2018;54;38558;11/10/2019;31560;81.85%;203.0;116.0;11/10/2019;32290;2100
19/07/2018;35;38523;12/10/2019;31140;80.83%;214.0;117.0;;0;0
19/07/2018;26;38497;13/10/2019;31290;81.28%;207.0;115.0;;0;0
19/07/2018;28;38469;14/10/2019;30960;80.48%;215.0;106.0;14/10/2019;92730;0
19/07/2018;20;38449;15/10/2019;30360;78.96%;209.0;108.0;15/10/2019;30060;0
19/07/2018;26;38423;16/10/2019;30550;79.51%;206.0;109.0;16/10/2019;30180;0
19/07/2018;29;38394;17/10/2019;30540;79.54%;213.0;112.0;17/10/2019;30240;0
19/07/2018;29;38365;18/10/2019;30450;79.37%;215.0;120.0;18/10/2019;30210;2920
19/07/2018;35;38330;19/10/2019;31020;80.93%;207.0;110.0;;0;0
19/07/2018;35;38295;20/10/2019;30990;80.92%;210.0;115.0;;0;0
19/07/2018;30;38265;21/10/2019;30690;80.20%;208.0;110.0;21/10/2019;91140;0
19/07/2018;29;38236;22/10/2019;31110;81.36%;200.0;117.0;22/10/2019;30630;0
19/07/2018;23;38213;23/10/2019;31320;81.96%;215.0;105.0;23/10/2019;30660;0
19/07/2018;17;38196;24/10/2019;31050;81.29%;195.0;109.0;;0;0
19/07/2018;28;38168;25/10/2019;31350;82.14%;203.0;106.0;25/10/2019;61200;0
19/07/2018;34;38134;26/10/2019;31350;82.21%;206.0;110.0;;0;0
19/07/2018;23;38111;27/10/2019;31320;82.18%;210.0;109.0;;0;0
19/07/2018;15;38096;28/10/2019;30570;80.24%;207.0;111.0;28/10/2019;91830;0
19/07/2018;17;38079;29/10/2019;30360;79.73%;209.0;97.0;29/10/2019;30150;0
19/07/2018;23;38056;30/10/2019;30080;79.04%;205.0;105.0;30/10/2019;29790;0
19/07/2018;26;38030;31/10/2019;30210;79.44%;209.0;110.0;31/10/2019;29970;0
19/07/2018;14;38016;01/11/2019;30180;79.39%;211.0;109.0;;0;0
19/07/2018;18;37998;02/11/2019;30270;79.66%;208.0;106.0;02/11/2019;59910;0
19/07/2018;19;37979;03/11/2019;30180;79.46%;198.0;110.0;;0;0
19/07/2018;17;37962;04/11/2019;30120;79.34%;200.0;109.0;04/11/2019;59760;0
19/07/2018;17;37945;05/11/2019;30090;79.30%;210.0;112.0;05/11/2019;29820;2160
19/07/2018;22;37923;06/11/2019;30360;80.06%;215.0;98.0;06/11/2019;30120;0
19/07/2018;13;37910;07/11/2019;30090;79.37%;200.0;117.0;;0;0
19/07/2018;21;37889;08/11/2019;30270;79.89%;205.0;105.0;08/11/2019;89910;0
19/07/2018;15;37874;09/11/2019;30150;79.61%;207.0;109.0;;0;0
19/07/2018;11;37863;10/11/2019;30180;79.71%;200.0;109.0;;0;0
19/07/2018;10;37853;11/11/2019;29970;79.17%;188.0;137.0;11/11/2019;89520;0
19/07/2018;13;37840;12/11/2019;30150;79.68%;195.0;117.0;12/11/2019;29940;0
19/07/2018;22;37818;13/11/2019;30390;80.36%;190.0;116.0;;0;0
19/07/2018;6;37812;14/11/2019;30060;79.50%;185.0;119.0;14/11/2019;59940;0
19/07/2018;7;37805;15/11/2019;29880;79.04%;210.0;122.0;15/11/2019;29670;0
19/07/2018;10;37795;16/11/2019;30150;79.77%;195.0;109.0;;0;0
19/07/2018;12;37783;17/11/2019;30030;79.48%;205.0;122.0;;0;0
19/07/2018;11;37772;18/11/2019;29850;79.03%;185.0;117.0;18/11/2019;89310;0
19/07/2018;11;37761;19/11/2019;30150;79.84%;190.0;122.0;19/11/2019;29910;0
19/07/2018;6;37755;20/11/2019;30210;80.02%;220.0;115.0;20/11/2019;29970;0
19/07/2018;14;37741;21/11/2019;29940;79.33%;170.0;101.0;;0;0
19/07/2018;14;37727;22/11/2019;30120;79.84%;190.0;122.0;22/11/2019;59610;0
19/07/2018;17;37710;23/11/2019;29820;79.08%;210.0;120.0;;0;0
19/07/2018;16;37694;24/11/2019;30240;80.22%;200.0;137.0;;0;0
19/07/2018;15;37679;25/11/2019;30120;79.94%;185.0;134.0;25/11/2019;89420;0
19/07/2018;14;37665;26/11/2019;29790;79.09%;210.0;141.0;;0;0
19/07/2018;11;37654;27/11/2019;30030;79.75%;190.0;122.0;27/11/2019;59310;0
19/07/2018;15;37639;28/11/2019;29990;79.68%;185.0;125.0;28/11/2019;29760;0
19/07/2018;20;37619;29/11/2019;30480;81.02%;195.0;126.0;29/11/2019;29910;0
19/07/2018;28;37591;30/11/2019;29580;78.69%;205.0;142.0;;0;0
19/07/2018;36;37555;01/12/2019;29700;79.08%;185.0;119.0;;0;0
19/07/2018;15;37540;02/12/2019;30060;80.07%;190.0;120.0;02/12/2019;88350;0
19/07/2018;16;37524;03/12/2019;29960;79.84%;210.0;101.0;03/12/2019;14520;0
19/07/2018;14;37510;04/12/2019;34740;92.62%;205.0;116.0;04/12/2019;36540;0
19/07/2018;10;37500;05/12/2019;40387;107.70%;195.0;116.0;05/12/2019;26870;0
19/07/2018;11;37489;06/12/2019;41040;109.47%;190.0;120.0;06/12/2019;16110;0
19/07/2018;5;37484;07/12/2019;23000;61.36%;198.0;111.0;;0;0
19/07/2018;14;37470;08/12/2019;22760;60.74%;185.0;115.0;;0;0
19/07/2018;13;37457;09/12/2019;29050;77.56%;170.0;120.0;09/12/2019;115977;0
19/07/2018;13;37444;10/12/2019;19060;50.90%;190.0;118.0;;0;0
19/07/2018;10;37434;11/12/2019;19820;52.95%;185.0;113.0;11/12/2019;37860;0
19/07/2018;12;37422;12/12/2019;20940;55.96%;170.0;114.0;12/12/2019;20100;0
19/07/2018;11;37411;13/12/2019;21240;56.77%;190.0;120.0;13/12/2019;20790;0
19/07/2018;19;37392;14/12/2019;21900;58.57%;185.0;120.0;;0;0
19/07/2018;23;37369;15/12/2019;22920;61.33%;160.0;118.0;;0;0
19/07/2018;21;37348;16/12/2019;23280;62.33%;170.0;123.0;16/12/2019;66750;0
19/07/2018;64;37284;17/12/2019;23490;63.00%;190.0;123.0;;0;0
19/07/2018;13;37271;18/12/2019;23490;63.02%;195.0;116.0;18/12/2019;46590;0
19/07/2018;36;37235;19/12/2019;24400;65.53%;180.0;117.0;;0;0
19/07/2018;46;37189;20/12/2019;25110;67.52%;175.0;126.0;20/12/2019;48570;0
19/07/2018;34;37155;21/12/2019;24830;66.83%;190.0;126.0;;0;0
19/07/2018;26;37129;22/12/2019;25290;68.11%;170.0;117.0;;0;0
19/07/2018;30;37099;23/12/2019;25920;69.87%;190.0;113.0;23/12/2019;75060;0
19/07/2018;24;37075;24/12/2019;25770;69.51%;185.0;116.0;;0;0
19/07/2018;16;37059;25/12/2019;25980;70.10%;160.0;150.0;;0;0
19/07/2018;12;37047;26/12/2019;26190;70.69%;190.0;120.0;;0;0
19/07/2018;35;37012;27/12/2019;27030;73.03%;180.0;111.0;27/12/2019;103740;0
19/07/2018;21;36991;28/12/2019;26330;71.18%;160.0;116.0;;0;0
19/07/2018;14;36977;29/12/2019;26490;71.64%;180.0;132.0;;0;0
19/07/2018;39;36938;30/12/2019;26370;71.39%;170.0;117.0;30/12/2019;78480;0
19/07/2018;15;36923;31/12/2019;26280;71.18%;185.0;114.0;;0;0
19/07/2018;31;36892;01/01/2020;25800;69.93%;190.0;137.0;;0;0
19/07/2018;20;36872;02/01/2020;27480;74.53%;185.0;111.0;02/01/2020;78690;0
19/07/2018;34;36838;03/01/2020;26730;72.56%;200.0;126.0;03/01/2020;26400;5180
19/07/2018;13;36825;04/01/2020;26700;72.51%;195.0;131.0;;0;0
19/07/2018;13;36812;05/01/2020;26520;72.04%;187.0;116.0;;0;0
19/07/2018;10;36802;06/01/2020;27000;73.37%;200.0;118.0;;0;0
19/07/2018;10;36792;07/01/2020;26670;72.49%;180.0;115.0;07/01/2020;105930;0
19/07/2018;22;36770;08/01/2020;26430;71.88%;188.0;120.0;;0;0
19/07/2018;22;36748;09/01/2020;26940;73.31%;190.0;126.0;09/01/2020;52830;0
19/07/2018;9;36739;10/01/2020;26670;72.59%;195.0;117.0;10/01/2020;26400;0
19/07/2018;20;36719;11/01/2020;26740;72.82%;190.0;137.0;;0;0
19/07/2018;7;36712;12/01/2020;26880;73.22%;188.0;160.0;;0;0
19/07/2018;10;36702;13/01/2020;26970;73.48%;196.0;122.0;13/01/2020;79830;0
19/07/2018;20;36682;14/01/2020;26250;71.56%;187.0;131.0;14/01/2020;25920;0
19/07/2018;27;36655;15/01/2020;26910;73.41%;195.0;128.0;15/01/2020;26670;0
19/07/2018;12;36643;16/01/2020;26370;71.96%;190.0;126.0;16/01/2020;26100;0
19/07/2018;22;36621;17/01/2020;26400;72.09%;180.0;120.0;17/01/2020;26160;3720
19/07/2018;19;36602;18/01/2020;26580;72.62%;190.0;116.0;;0;0
19/07/2018;26;36576;19/01/2020;26610;72.75%;198.0;114.0;;0;0
19/07/2018;14;36562;20/01/2020;26520;72.53%;187.0;117.0;20/01/2020;78930;0
19/07/2018;19;36543;21/01/2020;26490;72.49%;210.0;132.0;21/01/2020;26280;0
19/07/2018;15;36528;22/01/2020;26370;72.19%;195.0;116.0;22/01/2020;26100;0
19/07/2018;19;36509;23/01/2020;26210;71.79%;188.0;111.0;23/01/2020;25920;0
19/07/2018;8;36501;24/01/2020;26610;72.90%;205.0;120.0;24/01/2020;26340;0
19/07/2018;13;36488;25/01/2020;26610;72.93%;195.0;150.0;;0;0
19/07/2018;10;36478;26/01/2020;26430;72.45%;180.0;116.0;;0;0
19/07/2018;20;36458;27/01/2020;26490;72.66%;200.0;113.0;27/01/2020;78810;0
19/07/2018;30;36428;28/01/2020;25740;70.66%;190.0;117.0;28/01/2020;25500;0
19/07/2018;9;36419;29/01/2020;26250;72.08%;180.0;126.0;29/01/2020;25920;0
19/07/2018;20;36399;30/01/2020;26250;72.12%;198.0;117.0;30/01/2020;25980;0
19/07/2018;16;36383;31/01/2020;25870;71.10%;185.0;90.0;31/01/2020;25560;3760
19/07/2018;14;36369;01/02/2020;25920;71.27%;196.0;118.0;;0;0
19/07/2018;18;36351;02/02/2020;25950;71.39%;195.0;123.0;;0;0
19/07/2018;12;36339;03/02/2020;26040;71.66%;188.0;124.0;03/02/2020;77100;0
19/07/2018;24;36315;04/02/2020;25620;70.55%;185.0;115.0;04/02/2020;25320;0
19/07/2018;11;36304;05/02/2020;26070;71.81%;190.0;120.0;05/02/2020;25830;0
19/07/2018;10;36294;06/02/2020;25680;70.76%;182.0;116.0;02/06/2020;25410;0
19/07/2018;7;36287;07/02/2020;25620;70.60%;190.0;118.0;07/02/2020;25440;0
19/07/2018;9;36287;08/02/2020;25320;69.78%;195.0;122.0;;0;0
19/07/2018;7;36271;09/02/2020;25560;70.47%;188.0;110.0;;0;0
19/07/2018;22;36249;10/02/2020;25890;71.42%;192.0;122.0;10/02/2020;76110;0
19/07/2018;12;36237;11/02/2020;24690;68.13%;190.0;115.0;11/02/2020;24480;0
19/07/2018;26;36211;12/02/2020;24960;68.93%;185.0;120.0;12/02/2020;24690;0
19/07/2018;15;36196;13/02/2020;25120;69.40%;186.0;119.0;13/02/2020;24930;3260
19/07/2018;13;36183;14/02/2020;25150;69.51%;192.0;123.0;14/02/2020;24930;0
19/07/2018;21;36162;15/02/2020;25110;69.44%;185.0;115.0;;0;0
19/07/2018;20;36142;16/02/2020;25030;69.25%;188.0;122.0;;0;0
19/07/2018;15;36127;17/02/2020;24750;68.51%;190.0;120.0;17/02/2020;74040;0
19/07/2018;12;36115;18/02/2020;25050;69.36%;195.0;124.0;18/02/2020;24840;0
19/07/2018;9;36106;19/02/2020;24690;68.38%;187.0;118.0;19/02/2020;24390;0
19/07/2018;16;36090;20/02/2020;24510;67.91%;189.0;121.0;20/02/2020;24270;0
19/07/2018;16;36074;21/02/2020;25350;70.27%;185.0;115.0;21/02/2020;25080;0
19/07/2018;7;36067;22/02/2020;24720;68.54%;190.0;119.0;;0;0
19/07/2018;14;36053;23/02/2020;24750;68.65%;186.0;120.0;;0;0
19/07/2018;19;36034;24/02/2020;24410;67.74%;181.0;118.0;24/02/2020;73080;0
19/07/2018;14;36020;25/02/2020;25290;70.21%;188.0;115.0;25/02/2020;24960;0
19/07/2018;15;36005;26/02/2020;24940;69.27%;191.0;120.0;;0;0
19/07/2018;48;35957;27/02/2020;25160;69.97%;190.0;125.0;27/02/2020;49500;0
19/07/2018;37;35920;28/02/2020;24660;68.65%;190.0;123.0;28/02/2020;24360;3990
19/07/2018;11;35909;29/02/2020;24940;69.45%;189.0;123.0;29/02/2020;24630;0
19/07/2018;20;35889;01/03/2020;24810;69.13%;188.0;125.0;;0;0
19/07/2018;7;35882;02/03/2020;24400;68.00%;185.0;128.0;02/03/2020;48660;0
19/07/2018;16;35866;03/03/2020;25240;70.37%;186.0;130.0;03/03/2020;24960;0
19/07/2018;16;35850;04/03/2020;24750;69.04%;190.0;122.0;04/03/2020;24480;0
19/07/2018;11;35839;05/03/2020;24790;69.17%;182.0;121.0;;0;0
19/07/2018;8;35831;06/03/2020;24870;69.41%;186.0;127.0;06/03/2020;49080;0
19/07/2018;21;35810;07/03/2020;24850;69.39%;183.0;116.0;;0;0
19/07/2018;19;35791;08/03/2020;24880;69.51%;188.0;128.0;;0;0
19/07/2018;14;35777;09/03/2020;25160;70.32%;190.0;127.0;09/03/2020;73830;0
19/07/2018;18;35759;10/03/2020;24580;68.74%;192.0;130.0;10/03/2020;24270;0
19/07/2018;29;35730;11/03/2020;24450;68.43%;185.0;126.0;11/03/2020;24060;0
19/07/2018;19;35711;12/03/2020;24460;68.49%;186.0;128.0;;0;0
19/07/2018;18;35693;13/03/2020;24450;68.50%;191.0;132.0;13/03/2020;48330;3990
19/07/2018;19;35674;14/03/2020;24410;68.43%;185.0;125.0;;0;0
19/07/2018;16;35658;15/03/2020;24080;67.53%;188.0;123.0;;0;0
19/07/2018;16;35642;16/03/2020;23970;67.25%;189.0;127.0;16/03/2020;71730;0
19/07/2018;10;35632;17/03/2020;24360;68.37%;191.0;129.0;17/03/2020;24060;0
19/07/2018;15;35617;18/03/2020;24930;69.99%;186.0;130.0;18/03/2020;24630;0
19/07/2018;15;35602;19/03/2020;24630;69.18%;187.0;125.0;;0;0
19/07/2018;21;35581;20/03/2020;24570;69.05%;193.0;128.0;20/03/2020;48570;0
19/07/2018;20;35561;21/03/2020;24390;68.59%;190.0;126.0;21/03/2020;24060;0
19/07/2018;0;35561;22/03/2020;24300;68.33%;189.0;126.0;;0;0
19/07/2018;11;35550;23/03/2020;23490;66.08%;180.0;118.0;23/03/2020;47130;0
19/07/2018;16;35534;24/03/2020;24930;70.16%;183.0;115.0;;0;0
19/07/2018;26;35508;25/03/2020;24450;68.86%;185.0;110.0;25/03/2020;48750;0
19/07/2018;25;35483;26/03/2020;24660;69.50%;188.0;119.0;;0;0
19/07/2018;15;35468;27/03/2020;24120;68.00%;186.0;127.0;27/03/2020;48180;0
19/07/2018;15;35453;28/03/2020;24420;68.88%;180.0;121.0;28/03/2020;23850;0
19/07/2018;21;35432;29/03/2020;23910;67.48%;183.0;122.0;;0;0
19/07/2018;15;35417;30/03/2020;23610;66.66%;180.0;121.0;30/03/2020;46800;0
19/07/2018;21;35396;31/03/2020;23970;67.72%;190.0;137.0;;0;0
19/07/2018;16;35380;01/04/2020;24030;67.92%;185.0;119.0;01/04/2020;47130;0
19/07/2018;11;35369;02/04/2020;24210;68.45%;180.0;116.0;02/04/2020;23880;0
19/07/2018;18;35351;03/04/2020;24150;68.31%;190.0;135.0;03/04/2020;23760;3750
19/07/2018;16;35335;04/04/2020;24000;67.92%;180.0;119.0;;0;0
19/07/2018;21;35314;05/04/2020;23760;67.28%;196.0;142.0;;0;0
19/07/2018;13;35301;06/04/2020;23790;67.39%;192.0;134.0;06/04/2020;70320;0
19/07/2018;19;35282;07/04/2020;23940;67.85%;182.0;113.0;;0;0
19/07/2018;19;35263;08/04/2020;23370;66.27%;185.0;122.0;08/04/2020;46560;0
19/07/2018;20;35243;09/04/2020;23340;66.23%;188.0;110.0;;0;0
19/07/2018;17;35226;10/04/2020;23460;66.60%;186.0;110.0;;0;0
19/07/2018;17;35209;11/04/2020;23190;65.86%;188.0;115.0;11/04/2020;68520;3630
19/07/2018;24;35185;12/04/2020;23460;66.68%;187.0;150.0;;0;0
19/07/2018;15;35170;13/04/2020;21990;62.52%;190.0;127.0;;0;0
19/07/2018;15;35155;14/04/2020;24330;69.21%;192.0;117.0;;0;0
19/07/2018;16;35139;15/04/2020;23880;67.96%;185.0;114.0;15/04/2020;91860;0
19/07/2018;20;35119;16/04/2020;23310;66.37%;183.0;117.0;;0;0
19/07/2018;27;35092;17/04/2020;23430;66.77%;180.0;114.0;17/04/2020;45660;0
19/07/2018;16;35076;18/04/2020;23400;66.71%;185.0;109.0;;0;0
19/07/2018;18;35058;19/04/2020;22650;64.61%;180.0;109.0;;0;0
19/07/2018;17;35041;20/04/2020;23700;67.64%;183.0;115.0;20/04/2020;68310;0
19/07/2018;20;35021;21/04/2020;22390;63.93%;185.0;117.0;;0;0
19/07/2018;23;34998;22/04/2020;22860;65.32%;180.0;110.0;22/04/2020;44640;5010
19/07/2018;26;34972;23/04/2020;22350;63.91%;190.0;120.0;;0;0
19/07/2018;19;34953;24/04/2020;22650;64.80%;183.0;113.0;24/04/2020;44010;0
19/07/2018;18;34935;25/04/2020;22890;65.52%;192.0;125.0;;0;0
19/07/2018;22;34913;26/04/2020;22260;63.76%;180.0;110.0;;0;0
19/07/2018;23;34890;27/04/2020;22020;63.11%;190.0;114.0;27/04/2020;66270;0
19/07/2018;30;34860;28/04/2020;22620;64.89%;188.0;112.0;;0;0
19/07/2018;15;34845;29/04/2020;21690;62.25%;187.0;116.0;29/04/2020;43590;0
19/07/2018;22;34823;30/04/2020;22160;63.64%;183.0;120.0;30/04/2020;21600;0
19/07/2018;20;34803;01/05/2020;22230;63.87%;185.0;110.0;;0;0
19/07/2018;17;34786;02/05/2020;21880;62.90%;192.0;118.0;;0;0
19/07/2018;20;34766;03/05/2020;22050;63.42%;180.0;121.0;;0;0
19/07/2018;19;34747;04/05/2020;21560;62.05%;193.0;108.0;04/05/2020;85890;5040
19/07/2018;23;34724;05/05/2020;21720;62.55%;180.0;115.0;;0;0
19/07/2018;18;34706;06/05/2020;21620;62.29%;183.0;107.0;06/05/2020;42390;0
19/07/2018;21;34685;07/05/2020;20910;60.29%;190.0;109.0;;0;0
19/07/2018;17;34668;08/05/2020;21090;60.83%;195.0;110.0;08/05/2020;41070;0
19/07/2018;19;34649;09/05/2020;21020;60.67%;185.0;118.0;09/05/2020;20490;0
19/07/2018;18;34631;10/05/2020;21270;61.42%;180.0;114.0;;0;0
19/07/2018;26;34605;11/05/2020;20400;58.95%;187.0;119.0;11/05/2020;40950;0
19/07/2018;23;34582;12/05/2020;20760;60.03%;185.0;112.0;12/05/2020;20400;0
19/07/2018;27;34555;13/05/2020;20460;59.21%;190.0;110.0;13/05/2020;20190;0
19/07/2018;27;34528;14/05/2020;20470;59.29%;183.0;111.0;;0;0
19/07/2018;20;34508;15/05/2020;20700;59.99%;186.0;114.0;15/05/2020;40260;0
19/07/2018;20;34488;16/05/2020;20340;58.98%;190.0;117.0;;0;0
19/07/2018;23;34465;17/05/2020;20100;58.32%;180.0;110.0;;0;0
19/07/2018;21;34444;18/05/2020;20160;58.53%;187.0;120.0;18/05/2020;59700;0
19/07/2018;28;34416;19/05/2020;20090;58.37%;185.0;114.0;;0;0
19/07/2018;32;34384;20/05/2020;20100;58.46%;185.0;116.0;20/05/2020;39600;0
19/07/2018;35;34349;21/05/2020;20160;58.69%;183.0;117.0;;0;0
19/07/2018;34;34315;22/05/2020;19680;57.35%;190.0;110.0;22/05/2020;39120;0
19/07/2018;27;34288;23/05/2020;19950;58.18%;180.0;114.0;;0;0
19/07/2018;25;34263;24/05/2020;19930;58.17%;187.0;120.0;;0;0
19/07/2018;23;34240;25/05/2020;19680;57.48%;185.0;117.0;25/05/2020;58470;0
19/07/2018;29;34211;26/05/2020;20410;59.66%;190.0;115.0;;0;0
19/07/2018;32;34179;27/05/2020;19800;57.93%;187.0;114.0;27/05/2020;39300;0
19/07/2018;24;34155;28/05/2020;19920;58.32%;180.0;111.0;28/05/2020;19440;0
19/07/2018;36;34119;29/05/2020;19750;57.89%;185.0;120.0;29/05/2020;19290;0
19/07/2018;21;34098;30/05/2020;19650;57.63%;183.0;110.0;;0;0
