MarketingYear;ReferencePeriod;WeekNo;MemberState;FarmingMethod;Price(euro/100kg)
2022;07/11/2022;45;Italy;Barn;301.59
2022;07/11/2022;45;Italy;Cage;264.68
2022;31/10/2022;44;Italy;Barn;301.59
2022;31/10/2022;44;Italy;Cage;264.68
2022;24/10/2022;43;Italy;Barn;301.59
2022;24/10/2022;43;Italy;Cage;264.68
2022;17/10/2022;42;Italy;Barn;298.41
2022;17/10/2022;42;Italy;Cage;261.51
2022;10/10/2022;41;Italy;Barn;298.41
2022;10/10/2022;41;Italy;Cage;261.51
2022;03/10/2022;40;Italy;Barn;289.68
2022;03/10/2022;40;Italy;Cage;252.78
2022;26/09/2022;39;Italy;Barn;286.51
2022;26/09/2022;39;Italy;Cage;249.60
2022;19/09/2022;38;Italy;Barn;279.37
2022;19/09/2022;38;Italy;Cage;241.67
2022;12/09/2022;37;Italy;Barn;279.37
2022;12/09/2022;37;Italy;Cage;241.67
2022;05/09/2022;36;Italy;Barn;277.78
2022;05/09/2022;36;Italy;Cage;240.08
2022;29/08/2022;35;Italy;Barn;275.40
2022;29/08/2022;35;Italy;Cage;237.70
2022;22/08/2022;34;Italy;Barn;271.83
2022;22/08/2022;34;Italy;Cage;234.13
2022;15/08/2022;33;Italy;Barn;271.83
2022;15/08/2022;33;Italy;Cage;234.13
2022;08/08/2022;32;Italy;Barn;271.83
2022;08/08/2022;32;Italy;Cage;234.13
2022;01/08/2022;31;Italy;Barn;271.83
2022;01/08/2022;31;Italy;Cage;234.13
2022;25/07/2022;30;Italy;Barn;228.17
2022;25/07/2022;30;Italy;Cage;265.87
2022;18/07/2022;29;Italy;Barn;265.87
2022;18/07/2022;29;Italy;Cage;228.17
2022;11/07/2022;28;Italy;Barn;265.08
2022;11/07/2022;28;Italy;Cage;227.38
2022;04/07/2022;27;Italy;Barn;265.08
2022;04/07/2022;27;Italy;Cage;227.38
2022;27/06/2022;26;Italy;Barn;265.08
2022;27/06/2022;26;Italy;Cage;227.38
2022;20/06/2022;25;Italy;Barn;265.08
2022;20/06/2022;25;Italy;Cage;227.38
2022;13/06/2022;24;Italy;Barn;265.08
2022;13/06/2022;24;Italy;Cage;227.38
2022;06/06/2022;23;Italy;Barn;265.08
2022;06/06/2022;23;Italy;Cage;227.38
2022;30/05/2022;22;Italy;Barn;265.08
2022;30/05/2022;22;Italy;Cage;227.38
2022;23/05/2022;21;Italy;Barn;265.08
2022;23/05/2022;21;Italy;Cage;227.38
2022;16/05/2022;20;Italy;Barn;265.08
2022;16/05/2022;20;Italy;Cage;227.38
2022;09/05/2022;19;Italy;Barn;265.08
2022;09/05/2022;19;Italy;Cage;227.38
2022;02/05/2022;18;Italy;Barn;265.08
2022;02/05/2022;18;Italy;Cage;227.38
2022;25/04/2022;17;Italy;Barn;265.08
2022;25/04/2022;17;Italy;Cage;227.38
2022;18/04/2022;16;Italy;Barn;265.08
2022;18/04/2022;16;Italy;Cage;227.38
2022;11/04/2022;15;Italy;Barn;265.08
2022;11/04/2022;15;Italy;Cage;227.38
2022;04/04/2022;14;Italy;Barn;265.08
2022;04/04/2022;14;Italy;Cage;227.38
2022;28/03/2022;13;Italy;Barn;266.67
2022;28/03/2022;13;Italy;Cage;228.97
2022;21/03/2022;12;Italy;Barn;266.69
2022;21/03/2022;12;Italy;Cage;228.97
2022;14/03/2022;11;Italy;Barn;265.87
2022;14/03/2022;11;Italy;Cage;228.17
2022;07/03/2022;10;Italy;Barn;258.33
2022;07/03/2022;10;Italy;Cage;221.43
2022;28/02/2022;9;Italy;Barn;253.57
2022;28/02/2022;9;Italy;Cage;216.67
2022;21/02/2022;8;Italy;Barn;248.81
2022;21/02/2022;8;Italy;Cage;212.70
2022;14/02/2022;7;Italy;Barn;249.63
2022;14/02/2022;7;Italy;Cage;207.14
2022;07/02/2022;6;Italy;Barn;243.25
2022;07/02/2022;6;Italy;Cage;207.14
2022;31/01/2022;5;Italy;Barn;241.67
2022;31/01/2022;5;Italy;Cage;204.76
2022;24/01/2022;4;Italy;Barn;241.67
2022;24/01/2022;4;Italy;Cage;204.76
2022;17/01/2022;3;Italy;Barn;240.87
2022;17/01/2022;3;Italy;Cage;203.97
2022;10/01/2022;2;Italy;Barn;240.87
2022;10/01/2022;2;Italy;Cage;203.97
2022;03/01/2022;1;Italy;Barn;240.87
2022;03/01/2022;1;Italy;Cage;203.97
2021;27/12/2021;52;Italy;Barn;240.87
2021;27/12/2021;52;Italy;Cage;203.97
2021;20/12/2021;51;Italy;Barn;240.87
2021;20/12/2021;51;Italy;Cage;203.17
2021;13/12/2021;50;Italy;Barn;240.08
2021;13/12/2021;50;Italy;Cage;203.17
2021;06/12/2021;49;Italy;Barn;233.73
2021;06/12/2021;49;Italy;Cage;196.83
2021;29/11/2021;48;Italy;Barn;230.56
2021;29/11/2021;48;Italy;Cage;192.86
2021;22/11/2021;47;Italy;Barn;225.00
2021;22/11/2021;47;Italy;Cage;185.71
2021;15/11/2021;46;Italy;Barn;223.41
2021;15/11/2021;46;Italy;Cage;183.33
2021;08/11/2021;45;Italy;Barn;223.41
2021;08/11/2021;45;Italy;Cage;181.70
2021;01/11/2021;44;Italy;Barn;221.83
2021;01/11/2021;44;Italy;Cage;180.16
2021;25/10/2021;43;Italy;Barn;221.03
2021;25/10/2021;43;Italy;Cage;180.16
2021;18/10/2021;42;Italy;Barn;220.24
2021;18/10/2021;42;Italy;Cage;179.37
2021;11/10/2021;41;Italy;Barn;219.44
2021;11/10/2021;41;Italy;Cage;178.57
2021;04/10/2021;40;Italy;Barn;219.44
2021;04/10/2021;40;Italy;Cage;178.57
2021;27/09/2021;39;Italy;Barn;218.65
2021;27/09/2021;39;Italy;Cage;177.78
2021;20/09/2021;38;Italy;Barn;218.65
2021;20/09/2021;38;Italy;Cage;177.78
2021;13/09/2021;37;Italy;Barn;216.67
2021;13/09/2021;37;Italy;Cage;175.79
2021;06/09/2021;36;Italy;Barn;215.87
2021;06/09/2021;36;Italy;Cage;175.00
2021;30/08/2021;35;Italy;Barn;212.70
2021;30/08/2021;35;Italy;Cage;172.62
2021;23/08/2021;34;Italy;Barn;210.32
2021;23/08/2021;34;Italy;Cage;169.44
2021;16/08/2021;33;Italy;Barn;209.52
2021;16/08/2021;33;Italy;Cage;167.86
2021;09/08/2021;32;Italy;Barn;209.52
2021;09/08/2021;32;Italy;Cage;167.86
2021;02/08/2021;31;Italy;Barn;209.56
2021;02/08/2021;31;Italy;Cage;167.86
2021;26/07/2021;30;Italy;Barn;209.52
2021;26/07/2021;30;Italy;Cage;167.86
2021;19/07/2021;29;Italy;Barn;209.52
2021;19/07/2021;29;Italy;Cage;167.86
2021;12/07/2021;28;Italy;Barn;210.32
2021;12/07/2021;28;Italy;Cage;167.86
2021;05/07/2021;27;Italy;Barn;210.32
2021;05/07/2021;27;Italy;Cage;167.86
2021;28/06/2021;26;Italy;Barn;214.29
2021;28/06/2021;26;Italy;Cage;171.03
2021;21/06/2021;25;Italy;Barn;214.29
2021;21/06/2021;25;Italy;Cage;171.03
2021;14/06/2021;24;Italy;Cage;171.03
2021;07/06/2021;23;Italy;Cage;171.03
2021;31/05/2021;22;Italy;Cage;171.83
2021;24/05/2021;21;Italy;Cage;171.83
2021;17/05/2021;20;Italy;Cage;171.83
2021;10/05/2021;19;Italy;Cage;171.83
2021;03/05/2021;18;Italy;Cage;171.83
2021;26/04/2021;17;Italy;Cage;171.83
2021;19/04/2021;16;Italy;Cage;174.21
2021;12/04/2021;15;Italy;Cage;177.38
2021;05/04/2021;14;Italy;Cage;180.56
2021;29/03/2021;13;Italy;Cage;181.35
2021;22/03/2021;12;Italy;Cage;182.14
2021;15/03/2021;11;Italy;Cage;181.35
2021;08/03/2021;10;Italy;Cage;179.76
2021;01/03/2021;9;Italy;Cage;179.76
2021;22/02/2021;8;Italy;Cage;179.76
2021;15/02/2021;7;Italy;Cage;178.57
2021;08/02/2021;6;Italy;Cage;179.76
2021;01/02/2021;5;Italy;Cage;175.79
2021;25/01/2021;4;Italy;Cage;175.79
2021;18/01/2021;3;Italy;Cage;175.79
2021;11/01/2021;2;Italy;Cage;175.79
2021;04/01/2021;1;Italy;Cage;178.17
2017;25/12/2017;52;Italy;Cage;245.24
2017;18/12/2017;51;Italy;Cage;245.24
2017;11/12/2017;50;Italy;Cage;245.24
2017;04/12/2017;49;Italy;Cage;263.00
2017;27/11/2017;48;Italy;Cage;242.46
2017;20/11/2017;47;Italy;Cage;240.87
2017;13/11/2017;46;Italy;Cage;237.70
2017;06/11/2017;45;Italy;Cage;237.70
2017;30/10/2017;44;Italy;Cage;242.86
2017;23/10/2017;43;Italy;Cage;230.16
2017;16/10/2017;42;Italy;Cage;226.98
2017;09/10/2017;41;Italy;Cage;222.82
2017;02/10/2017;40;Italy;Cage;214.68
2017;25/09/2017;39;Italy;Cage;214.48
2017;18/09/2017;38;Italy;Cage;209.92
2017;11/09/2017;37;Italy;Cage;204.56
2017;04/09/2017;36;Italy;Cage;189.48
2017;28/08/2017;35;Italy;Cage;181.55
2017;21/08/2017;34;Italy;Cage;170.24
2017;14/08/2017;33;Italy;Cage;166.27
2017;07/08/2017;32;Italy;Cage;166.27
2017;31/07/2017;31;Italy;Cage;166.27
2017;24/07/2017;30;Italy;Cage;162.50
2017;17/07/2017;29;Italy;Cage;162.50
2017;10/07/2017;28;Italy;Cage;162.50
2017;03/07/2017;27;Italy;Cage;159.52
2017;26/06/2017;26;Italy;Cage;159.52
2017;19/06/2017;25;Italy;Cage;157.94
2017;12/06/2017;24;Italy;Cage;161.11
2017;05/06/2017;23;Italy;Cage;157.94
2017;29/05/2017;22;Italy;Cage;157.54
2017;22/05/2017;21;Italy;Cage;158.73
2017;15/05/2017;20;Italy;Cage;162.70
2017;08/05/2017;19;Italy;Cage;162.70
2017;01/05/2017;18;Italy;Cage;162.70
2017;24/04/2017;17;Italy;Cage;164.29
2017;17/04/2017;16;Italy;Cage;169.44
2017;10/04/2017;15;Italy;Cage;169.44
2017;03/04/2017;14;Italy;Cage;159.92
2017;27/03/2017;13;Italy;Cage;163.89
2017;20/03/2017;12;Italy;Cage;163.49
2017;13/03/2017;11;Italy;Cage;159.92
2017;06/03/2017;10;Italy;Cage;161.90
2017;27/02/2017;9;Italy;Cage;161.11
2017;20/02/2017;8;Italy;Cage;159.52
2017;13/02/2017;7;Italy;Cage;157.14
2017;06/02/2017;6;Italy;Cage;155.56
2017;30/01/2017;5;Italy;Cage;155.56
2017;23/01/2017;4;Italy;Cage;155.16
2017;16/01/2017;3;Italy;Cage;155.16
2017;09/01/2017;2;Italy;Cage;155.16
2017;02/01/2017;1;Italy;Cage;156.75
2016;26/12/2016;52;Italy;Cage;156.75
2016;19/12/2016;51;Italy;Cage;156.75
2016;12/12/2016;50;Italy;Cage;156.75
2016;05/12/2016;49;Italy;Cage;151.59
2016;28/11/2016;48;Italy;Cage;152.78
2016;21/11/2016;47;Italy;Cage;147.22
2016;14/11/2016;46;Italy;Cage;147.22
2016;07/11/2016;45;Italy;Cage;147.22
2016;31/10/2016;44;Italy;Cage;148.02
2016;24/10/2016;43;Italy;Cage;147.22
2016;17/10/2016;42;Italy;Cage;152.38
2016;10/10/2016;41;Italy;Cage;141.67
2016;03/10/2016;40;Italy;Cage;142.86
2016;26/09/2016;39;Italy;Cage;142.06
2016;19/09/2016;38;Italy;Cage;142.06
2016;12/09/2016;37;Italy;Cage;142.06
2016;05/09/2016;36;Italy;Cage;140.87
2016;29/08/2016;35;Italy;Cage;139.29
2016;22/08/2016;34;Italy;Cage;138.49
2016;15/08/2016;33;Italy;Cage;138.49
2016;08/08/2016;32;Italy;Cage;138.49
2016;01/08/2016;31;Italy;Cage;138.49
2016;25/07/2016;30;Italy;Cage;138.49
2016;18/07/2016;29;Italy;Cage;143.25
2016;11/07/2016;28;Italy;Cage;146.03
2016;04/07/2016;27;Italy;Cage;146.03
2016;27/06/2016;26;Italy;Cage;146.43
2016;20/06/2016;25;Italy;Cage;142.46
2016;13/06/2016;24;Italy;Cage;142.46
2016;06/06/2016;23;Italy;Cage;150.40
2016;30/05/2016;22;Italy;Cage;150.40
2016;23/05/2016;21;Italy;Cage;150.40
2016;16/05/2016;20;Italy;Cage;149.60
2016;09/05/2016;19;Italy;Cage;148.41
2016;02/05/2016;18;Italy;Cage;149.21
2016;25/04/2016;17;Italy;Cage;150.40
2016;18/04/2016;16;Italy;Cage;151.98
2016;11/04/2016;15;Italy;Cage;152.17
2016;04/04/2016;14;Italy;Cage;155.36
2016;28/03/2016;13;Italy;Cage;157.54
2016;21/03/2016;12;Italy;Cage;161.71
2016;14/03/2016;11;Italy;Cage;161.71
2016;07/03/2016;10;Italy;Cage;161.71
2016;29/02/2016;9;Italy;Cage;161.71
2016;22/02/2016;8;Italy;Cage;161.71
2016;15/02/2016;7;Italy;Cage;161.71
2016;08/02/2016;6;Italy;Cage;161.71
2016;01/02/2016;5;Italy;Cage;161.71
2016;25/01/2016;4;Italy;Cage;161.71
2016;18/01/2016;3;Italy;Cage;161.71
2016;11/01/2016;2;Italy;Cage;164.09
2016;04/01/2016;1;Italy;Cage;172.82
2019;30/12/2019;52;Italy;Cage;185.71
2019;23/12/2019;51;Italy;Cage;185.71
2019;16/12/2019;50;Italy;Cage;185.71
2019;09/12/2019;49;Italy;Cage;185.32
2019;02/12/2019;48;Italy;Cage;184.92
2019;25/11/2019;47;Italy;Cage;182.54
2019;18/11/2019;46;Italy;Cage;182.54
2019;11/11/2019;45;Italy;Cage;179.37
2019;04/11/2019;44;Italy;Cage;177.38
2019;28/10/2019;43;Italy;Cage;176.98
2019;21/10/2019;42;Italy;Cage;176.98
2019;14/10/2019;41;Italy;Cage;175.40
2019;07/10/2019;40;Italy;Cage;170.16
2019;30/09/2019;39;Italy;Cage;170.63
2019;23/09/2019;38;Italy;Cage;170.63
2019;16/09/2019;37;Italy;Cage;169.05
2019;09/09/2019;36;Italy;Cage;167.06
2019;02/09/2019;35;Italy;Cage;167.06
2019;26/08/2019;34;Italy;Cage;165.08
2019;19/08/2019;33;Italy;Cage;164.25
2019;12/08/2019;32;Italy;Cage;164.25
2019;05/08/2019;31;Italy;Cage;163.89
2019;29/07/2019;30;Italy;Cage;163.89
2019;22/07/2019;29;Italy;Cage;157.94
2019;15/07/2019;28;Italy;Cage;156.75
2019;08/07/2019;27;Italy;Cage;156.75
2019;01/07/2019;26;Italy;Cage;158.33
2019;24/06/2019;25;Italy;Cage;158.33
2019;17/06/2019;24;Italy;Cage;159.92
2019;10/06/2019;23;Italy;Cage;159.92
2019;03/06/2019;22;Italy;Cage;159.92
2019;27/05/2019;21;Italy;Cage;159.92
2019;20/05/2019;20;Italy;Cage;159.92
2019;13/05/2019;19;Italy;Cage;159.92
2019;06/05/2019;18;Italy;Cage;160.71
2019;29/04/2019;17;Italy;Cage;162.30
2019;22/04/2019;16;Italy;Cage;164.68
2019;15/04/2019;15;Italy;Cage;165.87
2019;08/04/2019;14;Italy;Cage;165.08
2019;01/04/2019;13;Italy;Cage;163.49
2019;25/03/2019;12;Italy;Cage;163.49
2019;18/03/2019;11;Italy;Cage;163.49
2019;11/03/2019;10;Italy;Cage;163.89
2019;04/03/2019;9;Italy;Cage;166.67
2019;25/02/2019;8;Italy;Cage;166.67
2019;18/02/2019;7;Italy;Cage;162.70
2019;11/02/2019;6;Italy;Cage;162.30
2019;04/02/2019;5;Italy;Cage;159.52
2019;28/01/2019;4;Italy;Cage;159.52
2019;21/01/2019;3;Italy;Cage;159.52
2019;14/01/2019;2;Italy;Cage;161.51
2019;07/01/2019;1;Italy;Cage;165.48
2014;29/12/2014;52;Italy;Cage;206.55
2014;22/12/2014;51;Italy;Cage;206.55
2014;15/12/2014;50;Italy;Cage;206.55
2014;08/12/2014;49;Italy;Cage;206.55
2014;01/12/2014;48;Italy;Cage;206.55
2014;24/11/2014;47;Italy;Cage;206.55
2014;17/11/2014;46;Italy;Cage;206.55
2014;10/11/2014;45;Italy;Cage;206.55
2014;03/11/2014;44;Italy;Cage;206.55
2014;27/10/2014;43;Italy;Cage;206.55
2014;20/10/2014;42;Italy;Cage;206.55
2014;13/10/2014;41;Italy;Cage;206.55
2014;06/10/2014;40;Italy;Cage;206.55
2014;29/09/2014;39;Italy;Cage;206.55
2014;22/09/2014;38;Italy;Cage;206.55
2014;15/09/2014;37;Italy;Cage;204.17
2014;08/09/2014;36;Italy;Cage;203.77
2014;01/09/2014;35;Italy;Cage;203.77
2014;25/08/2014;34;Italy;Cage;204.96
2014;18/08/2014;33;Italy;Cage;204.96
2014;11/08/2014;32;Italy;Cage;204.96
2014;04/08/2014;31;Italy;Cage;204.96
2014;28/07/2014;30;Italy;Cage;204.96
2014;21/07/2014;29;Italy;Cage;204.96
2014;14/07/2014;28;Italy;Cage;204.56
2014;07/07/2014;27;Italy;Cage;203.57
2014;30/06/2014;26;Italy;Cage;202.38
2014;23/06/2014;25;Italy;Cage;201.98
2014;16/06/2014;24;Italy;Cage;201.98
2014;09/06/2014;23;Italy;Cage;202.34
2014;02/06/2014;22;Italy;Cage;201.59
2014;26/05/2014;21;Italy;Cage;201.59
2014;19/05/2014;20;Italy;Cage;201.59
2014;12/05/2014;19;Italy;Cage;202.38
2014;05/05/2014;18;Italy;Cage;202.38
2014;28/04/2014;17;Italy;Cage;202.78
2014;21/04/2014;16;Italy;Cage;203.17
2014;14/04/2014;15;Italy;Cage;205.95
2014;07/04/2014;14;Italy;Cage;207.54
2014;31/03/2014;13;Italy;Cage;213.69
2014;24/03/2014;12;Italy;Cage;217.86
2014;17/03/2014;11;Italy;Cage;217.46
2014;10/03/2014;10;Italy;Cage;217.46
2014;03/03/2014;9;Italy;Cage;218.25
2014;24/02/2014;8;Italy;Cage;218.45
2014;17/02/2014;7;Italy;Cage;218.45
2014;10/02/2014;6;Italy;Cage;217.66
2014;03/02/2014;5;Italy;Cage;214.48
2014;27/01/2014;4;Italy;Cage;214.09
2014;20/01/2014;3;Italy;Cage;211.71
2014;13/01/2014;2;Italy;Cage;218.06
2014;06/01/2014;1;Italy;Cage;221.23
2015;28/12/2015;52;Italy;Cage;176.39
2015;21/12/2015;51;Italy;Cage;176.39
2015;14/12/2015;50;Italy;Cage;176.39
2015;07/12/2015;49;Italy;Cage;176.39
2015;30/11/2015;48;Italy;Cage;180.00
2015;23/11/2015;47;Italy;Cage;176.39
2015;16/11/2015;46;Italy;Cage;176.39
2015;09/11/2015;45;Italy;Cage;176.39
2015;02/11/2015;44;Italy;Cage;176.39
2015;26/10/2015;43;Italy;Cage;176.39
2015;19/10/2015;42;Italy;Cage;176.39
2015;12/10/2015;41;Italy;Cage;176.39
2015;05/10/2015;40;Italy;Cage;176.39
2015;28/09/2015;39;Italy;Cage;176.39
2015;21/09/2015;38;Italy;Cage;176.39
2015;14/09/2015;37;Italy;Cage;174.60
2015;07/09/2015;36;Italy;Cage;178.17
2015;31/08/2015;35;Italy;Cage;178.17
2015;24/08/2015;34;Italy;Cage;175.40
2015;17/08/2015;33;Italy;Cage;174.60
2015;10/08/2015;32;Italy;Cage;174.60
2015;03/08/2015;31;Italy;Cage;174.60
2015;27/07/2015;30;Italy;Cage;174.60
2015;20/07/2015;29;Italy;Cage;174.60
2015;13/07/2015;28;Italy;Cage;174.60
2015;06/07/2015;27;Italy;Cage;174.60
2015;29/06/2015;26;Italy;Cage;172.22
2015;22/06/2015;25;Italy;Cage;174.21
2015;15/06/2015;24;Italy;Cage;169.44
2015;08/06/2015;23;Italy;Cage;165.87
2015;01/06/2015;22;Italy;Cage;165.08
2015;25/05/2015;21;Italy;Cage;165.08
2015;18/05/2015;20;Italy;Cage;165.08
2015;11/05/2015;19;Italy;Cage;165.08
2015;04/05/2015;18;Italy;Cage;167.46
2015;27/04/2015;17;Italy;Cage;174.40
2015;20/04/2015;16;Italy;Cage;182.34
2015;13/04/2015;15;Italy;Cage;189.88
2015;06/04/2015;14;Italy;Cage;195.24
2015;30/03/2015;13;Italy;Cage;199.01
2015;23/03/2015;12;Italy;Cage;199.01
2015;16/03/2015;11;Italy;Cage;199.01
2015;09/03/2015;10;Italy;Cage;199.01
2015;02/03/2015;9;Italy;Cage;199.01
2015;23/02/2015;8;Italy;Cage;199.01
2015;16/02/2015;7;Italy;Cage;198.21
2015;09/02/2015;6;Italy;Cage;195.83
2015;02/02/2015;5;Italy;Cage;195.83
2015;26/01/2015;4;Italy;Cage;195.83
2015;19/01/2015;3;Italy;Cage;195.83
2015;12/01/2015;2;Italy;Cage;197.82
2015;05/01/2015;1;Italy;Cage;206.15
2018;31/12/2018;53;Italy;Cage;173.41
2018;24/12/2018;52;Italy;Cage;173.41
2018;17/12/2018;51;Italy;Cage;177.38
2018;10/12/2018;50;Italy;Cage;173.81
2018;03/12/2018;49;Italy;Cage;173.81
2018;26/11/2018;48;Italy;Cage;173.41
2018;19/11/2018;47;Italy;Cage;173.41
2018;12/11/2018;46;Italy;Cage;173.41
2018;05/11/2018;45;Italy;Cage;168.25
2018;29/10/2018;44;Italy;Cage;163.89
2018;22/10/2018;43;Italy;Cage;163.89
2018;15/10/2018;42;Italy;Cage;163.10
2018;08/10/2018;41;Italy;Cage;162.70
2018;01/10/2018;40;Italy;Cage;160.71
2018;24/09/2018;39;Italy;Cage;159.92
2018;17/09/2018;38;Italy;Cage;159.92
2018;10/09/2018;37;Italy;Cage;158.53
2018;03/09/2018;36;Italy;Cage;170.63
2018;27/08/2018;35;Italy;Cage;164.68
2018;20/08/2018;34;Italy;Cage;165.08
2018;13/08/2018;33;Italy;Cage;164.68
2018;06/08/2018;32;Italy;Cage;164.68
2018;30/07/2018;31;Italy;Cage;164.68
2018;23/07/2018;30;Italy;Cage;164.68
2018;16/07/2018;29;Italy;Cage;181.15
2018;09/07/2018;28;Italy;Cage;181.15
2018;02/07/2018;27;Italy;Cage;180.95
2018;25/06/2018;26;Italy;Cage;181.94
2018;18/06/2018;25;Italy;Cage;183.13
2018;11/06/2018;24;Italy;Cage;179.76
2018;04/06/2018;23;Italy;Cage;179.76
2018;28/05/2018;22;Italy;Cage;179.76
2018;21/05/2018;21;Italy;Cage;179.76
2018;14/05/2018;20;Italy;Cage;177.38
2018;07/05/2018;19;Italy;Cage;175.00
2018;30/04/2018;18;Italy;Cage;181.75
2018;23/04/2018;17;Italy;Cage;184.92
2018;16/04/2018;16;Italy;Cage;184.92
2018;09/04/2018;15;Italy;Cage;187.70
2018;02/04/2018;14;Italy;Cage;195.77
2018;26/03/2018;13;Italy;Cage;193.25
2018;19/03/2018;12;Italy;Cage;193.25
2018;12/03/2018;11;Italy;Cage;195.24
2018;05/03/2018;10;Italy;Cage;200.00
2018;26/02/2018;9;Italy;Cage;199.80
2018;19/02/2018;8;Italy;Cage;193.65
2018;12/02/2018;7;Italy;Cage;196.63
2018;05/02/2018;6;Italy;Cage;193.65
2018;29/01/2018;5;Italy;Cage;193.65
2018;22/01/2018;4;Italy;Cage;203.17
2018;15/01/2018;3;Italy;Cage;216.67
2018;08/01/2018;2;Italy;Cage;232.34
2018;01/01/2018;1;Italy;Cage;245.24
2011;26/12/2011;52;Italy;Cage;194.25
2011;19/12/2011;51;Italy;Cage;194.25
2011;12/12/2011;50;Italy;Cage;193.06
2011;05/12/2011;49;Italy;Cage;188.61
2011;28/11/2011;48;Italy;Cage;187.50
2011;21/11/2011;47;Italy;Cage;185.91
2011;14/11/2011;46;Italy;Cage;185.12
2011;07/11/2011;45;Italy;Cage;183.93
2011;31/10/2011;44;Italy;Cage;183.13
2011;24/10/2011;43;Italy;Cage;179.96
2011;17/10/2011;42;Italy;Cage;179.56
2011;10/10/2011;41;Italy;Cage;175.60
2011;03/10/2011;40;Italy;Cage;175.60
2011;26/09/2011;39;Italy;Cage;171.23
2011;19/09/2011;38;Italy;Cage;175.60
2011;12/09/2011;37;Italy;Cage;175.60
2011;05/09/2011;36;Italy;Cage;175.60
2011;29/08/2011;35;Italy;Cage;175.60
2011;22/08/2011;34;Italy;Cage;174.40
2011;15/08/2011;33;Italy;Cage;170.83
2011;08/08/2011;32;Italy;Cage;170.83
2011;01/08/2011;31;Italy;Cage;170.83
2011;25/07/2011;30;Italy;Cage;168.06
2011;18/07/2011;29;Italy;Cage;164.88
2011;11/07/2011;28;Italy;Cage;163.29
2011;04/07/2011;27;Italy;Cage;163.29
2011;27/06/2011;26;Italy;Cage;163.29
2011;20/06/2011;25;Italy;Cage;161.71
2011;13/06/2011;24;Italy;Cage;161.31
2011;06/06/2011;23;Italy;Cage;161.31
2011;30/05/2011;22;Italy;Cage;161.31
2011;23/05/2011;21;Italy;Cage;162.50
2011;16/05/2011;20;Italy;Cage;162.50
2011;09/05/2011;19;Italy;Cage;162.90
2011;02/05/2011;18;Italy;Cage;162.90
2011;25/04/2011;17;Italy;Cage;165.67
2011;18/04/2011;16;Italy;Cage;168.85
2011;11/04/2011;15;Italy;Cage;168.85
2011;04/04/2011;14;Italy;Cage;173.61
2011;28/03/2011;13;Italy;Cage;176.39
2011;21/03/2011;12;Italy;Cage;176.39
2011;14/03/2011;11;Italy;Cage;174.01
2011;07/03/2011;10;Italy;Cage;168.85
2011;28/02/2011;9;Italy;Cage;168.45
2011;21/02/2011;8;Italy;Cage;167.66
2011;14/02/2011;7;Italy;Cage;164.48
2011;07/02/2011;6;Italy;Cage;163.29
2011;31/01/2011;5;Italy;Cage;161.90
2011;24/01/2011;4;Italy;Cage;162.70
2011;17/01/2011;3;Italy;Cage;162.50
2011;10/01/2011;2;Italy;Cage;163.69
2011;03/01/2011;1;Italy;Cage;165.28
2020;28/12/2020;52;Italy;Cage;182.94
2020;21/12/2020;51;Italy;Cage;182.94
2020;14/12/2020;50;Italy;Cage;182.94
2020;07/12/2020;49;Italy;Cage;182.94
2020;30/11/2020;48;Italy;Cage;182.90
2020;23/11/2020;47;Italy;Cage;182.94
2020;16/11/2020;46;Italy;Cage;182.94
2020;09/11/2020;45;Italy;Cage;182.94
2020;02/11/2020;44;Italy;Cage;182.94
2020;26/10/2020;43;Italy;Cage;181.33
2020;19/10/2020;42;Italy;Cage;181.35
2020;12/10/2020;41;Italy;Cage;181.35
2020;05/10/2020;40;Italy;Cage;181.35
2020;28/09/2020;39;Italy;Cage;181.35
2020;21/09/2020;38;Italy;Cage;181.35
2020;14/09/2020;37;Italy;Cage;181.35
2020;07/09/2020;36;Italy;Cage;178.97
2020;31/08/2020;35;Italy;Cage;178.17
2020;24/08/2020;34;Italy;Cage;177.38
2020;17/08/2020;33;Italy;Cage;177.38
2020;10/08/2020;32;Italy;Cage;177.38
2020;03/08/2020;31;Italy;Cage;177.38
2020;27/07/2020;30;Italy;Cage;177.38
2020;20/07/2020;29;Italy;Cage;177.38
2020;13/07/2020;28;Italy;Cage;177.38
2020;06/07/2020;27;Italy;Cage;177.38
2020;29/06/2020;26;Italy;Cage;177.38
2020;22/06/2020;25;Italy;Cage;177.38
2020;15/06/2020;24;Italy;Cage;177.38
2020;08/06/2020;23;Italy;Cage;184.13
2020;01/06/2020;22;Italy;Cage;186.11
2020;25/05/2020;21;Italy;Cage;188.89
2020;18/05/2020;20;Italy;Cage;188.89
2020;11/05/2020;19;Italy;Cage;191.27
2020;04/05/2020;18;Italy;Cage;201.59
2020;27/04/2020;17;Italy;Cage;203.97
2020;20/04/2020;16;Italy;Cage;203.97
2020;13/04/2020;15;Italy;Cage;203.97
2020;06/04/2020;14;Italy;Cage;202.38
2020;30/03/2020;13;Italy;Cage;200.79
2020;23/03/2020;12;Italy;Cage;192.86
2020;16/03/2020;11;Italy;Cage;188.89
2020;09/03/2020;10;Italy;Cage;188.10
2020;02/03/2020;9;Italy;Cage;188.10
2020;24/02/2020;8;Italy;Cage;183.33
2020;17/02/2020;7;Italy;Cage;183.33
2020;10/02/2020;6;Italy;Cage;183.33
2020;03/02/2020;5;Italy;Cage;182.54
2020;27/01/2020;4;Italy;Cage;181.57
2020;20/01/2020;3;Italy;Cage;180.16
2020;13/01/2020;2;Italy;Cage;180.16
2020;06/01/2020;1;Italy;Cage;184.13
2013;30/12/2013;52;Italy;Cage;226.39
2013;23/12/2013;51;Italy;Cage;226.39
2013;16/12/2013;50;Italy;Cage;226.39
2013;09/12/2013;49;Italy;Cage;226.39
2013;02/12/2013;48;Italy;Cage;226.39
2013;25/11/2013;47;Italy;Cage;226.39
2013;18/11/2013;46;Italy;Cage;226.39
2013;11/11/2013;45;Italy;Cage;226.79
2013;04/11/2013;44;Italy;Cage;229.17
2013;28/10/2013;43;Italy;Cage;229.17
2013;21/10/2013;42;Italy;Cage;228.77
2013;14/10/2013;41;Italy;Cage;228.77
2013;07/10/2013;40;Italy;Cage;228.77
2013;30/09/2013;39;Italy;Cage;227.18
2013;23/09/2013;38;Italy;Cage;223.21
2013;16/09/2013;37;Italy;Cage;220.83
2013;09/09/2013;36;Italy;Cage;216.07
2013;02/09/2013;35;Italy;Cage;215.28
2013;26/08/2013;34;Italy;Cage;213.29
2013;19/08/2013;33;Italy;Cage;210.91
2013;12/08/2013;32;Italy;Cage;210.91
2013;05/08/2013;31;Italy;Cage;210.91
2013;29/07/2013;30;Italy;Cage;210.91
2013;22/07/2013;29;Italy;Cage;208.13
2013;15/07/2013;28;Italy;Cage;208.13
2013;08/07/2013;27;Italy;Cage;208.13
2013;01/07/2013;26;Italy;Cage;208.13
2013;24/06/2013;25;Italy;Cage;210.12
2013;17/06/2013;24;Italy;Cage;212.10
2013;10/06/2013;23;Italy;Cage;212.10
2013;03/06/2013;22;Italy;Cage;213.29
2013;27/05/2013;21;Italy;Cage;212.90
2013;20/05/2013;20;Italy;Cage;212.50
2013;13/05/2013;19;Italy;Cage;212.50
2013;06/05/2013;18;Italy;Cage;212.10
2013;29/04/2013;17;Italy;Cage;212.10
2013;22/04/2013;16;Italy;Cage;213.29
2013;15/04/2013;15;Italy;Cage;213.29
2013;08/04/2013;14;Italy;Cage;221.23
2013;01/04/2013;13;Italy;Cage;227.18
2013;25/03/2013;12;Italy;Cage;227.98
2013;18/03/2013;11;Italy;Cage;229.17
2013;11/03/2013;10;Italy;Cage;229.17
2013;04/03/2013;9;Italy;Cage;234.72
2013;25/02/2013;8;Italy;Cage;235.52
2013;18/02/2013;7;Italy;Cage;233.93
2013;11/02/2013;6;Italy;Cage;232.74
2013;04/02/2013;5;Italy;Cage;232.74
2013;28/01/2013;4;Italy;Cage;232.74
2013;21/01/2013;3;Italy;Cage;232.74
2013;14/01/2013;2;Italy;Cage;232.74
2013;07/01/2013;1;Italy;Cage;238.69
2012;31/12/2012;53;Italy;Cage;241.87
2012;24/12/2012;52;Italy;Cage;243.45
2012;17/12/2012;51;Italy;Cage;243.45
2012;10/12/2012;50;Italy;Cage;243.45
2012;03/12/2012;49;Italy;Cage;243.45
2012;26/11/2012;48;Italy;Cage;243.45
2012;19/11/2012;47;Italy;Cage;243.45
2012;12/11/2012;46;Italy;Cage;243.45
2012;05/11/2012;45;Italy;Cage;243.45
2012;29/10/2012;44;Italy;Cage;243.45
2012;22/10/2012;43;Italy;Cage;243.45
2012;15/10/2012;42;Italy;Cage;243.45
2012;08/10/2012;41;Italy;Cage;243.45
2012;01/10/2012;40;Italy;Cage;243.45
2012;24/09/2012;39;Italy;Cage;242.26
2012;17/09/2012;38;Italy;Cage;239.48
2012;10/09/2012;37;Italy;Cage;235.91
2012;03/09/2012;36;Italy;Cage;235.91
2012;27/08/2012;35;Italy;Cage;225.99
2012;20/08/2012;34;Italy;Cage;225.99
2012;13/08/2012;33;Italy;Cage;224.40
2012;06/08/2012;32;Italy;Cage;224.40
2012;30/07/2012;31;Italy;Cage;224.40
2012;23/07/2012;30;Italy;Cage;221.63
2012;16/07/2012;29;Italy;Cage;221.63
2012;09/07/2012;28;Italy;Cage;222.82
2012;02/07/2012;27;Italy;Cage;222.82
2012;25/06/2012;26;Italy;Cage;222.82
2012;18/06/2012;25;Italy;Cage;224.01
2012;11/06/2012;24;Italy;Cage;225.20
2012;04/06/2012;23;Italy;Cage;225.20
2012;28/05/2012;22;Italy;Cage;225.20
2012;21/05/2012;21;Italy;Cage;225.99
2012;14/05/2012;20;Italy;Cage;229.96
2012;07/05/2012;19;Italy;Cage;231.55
2012;30/04/2012;18;Italy;Cage;232.34
2012;23/04/2012;17;Italy;Cage;234.72
2012;16/04/2012;16;Italy;Cage;234.72
2012;09/04/2012;15;Italy;Cage;234.72
2012;02/04/2012;14;Italy;Cage;234.72
2012;26/03/2012;13;Italy;Cage;234.72
2012;19/03/2012;12;Italy;Cage;232.74
2012;12/03/2012;11;Italy;Cage;231.94
2012;05/03/2012;10;Italy;Cage;227.98
2012;27/02/2012;9;Italy;Cage;218.06
2012;20/02/2012;8;Italy;Cage;214.50
2012;13/02/2012;7;Italy;Cage;207.74
2012;06/02/2012;6;Italy;Cage;195.04
2012;30/01/2012;5;Italy;Cage;189.88
2012;23/01/2012;4;Italy;Cage;186.90
2012;16/01/2012;3;Italy;Cage;186.71
2012;09/01/2012;2;Italy;Cage;189.88
2012;02/01/2012;1;Italy;Cage;194.05
2010;27/12/2010;52;Italy;Cage;166.07
2010;20/12/2010;51;Italy;Cage;168.45
2010;13/12/2010;50;Italy;Cage;167.66
2010;06/12/2010;49;Italy;Cage;165.67
2010;29/11/2010;48;Italy;Cage;165.28
2010;22/11/2010;47;Italy;Cage;165.28
2010;15/11/2010;46;Italy;Cage;165.28
2010;08/11/2010;45;Italy;Cage;165.28
2010;01/11/2010;44;Italy;Cage;165.28
2010;25/10/2010;43;Italy;Cage;165.28
2010;18/10/2010;42;Italy;Cage;164.48
2010;11/10/2010;41;Italy;Cage;161.71
2010;04/10/2010;40;Italy;Cage;161.71
2010;27/09/2010;39;Italy;Cage;162.50
2010;20/09/2010;38;Italy;Cage;164.48
2010;13/09/2010;37;Italy;Cage;163.69
2010;06/09/2010;36;Italy;Cage;163.69
2010;30/08/2010;35;Italy;Cage;160.91
2010;23/08/2010;34;Italy;Cage;158.13
2010;16/08/2010;33;Italy;Cage;156.15
2010;09/08/2010;32;Italy;Cage;154.56
2010;02/08/2010;31;Italy;Cage;154.56
2010;26/07/2010;30;Italy;Cage;154.56
2010;19/07/2010;29;Italy;Cage;157.34
2010;12/07/2010;28;Italy;Cage;160.91
2010;05/07/2010;27;Italy;Cage;162.10
2010;28/06/2010;26;Italy;Cage;165.67
2010;21/06/2010;25;Italy;Cage;166.87
2010;14/06/2010;24;Italy;Cage;168.85
2010;07/06/2010;23;Italy;Cage;169.64
2010;31/05/2010;22;Italy;Cage;170.44
2010;24/05/2010;21;Italy;Cage;170.44
2010;17/05/2010;20;Italy;Cage;170.44
2010;10/05/2010;19;Italy;Cage;170.44
2010;03/05/2010;18;Italy;Cage;171.63
2010;26/04/2010;17;Italy;Cage;171.63
2010;19/04/2010;16;Italy;Cage;176.39
2010;12/04/2010;15;Italy;Cage;182.94
2010;05/04/2010;14;Italy;Cage;187.90
2010;29/03/2010;13;Italy;Cage;189.88
2010;22/03/2010;12;Italy;Cage;189.88
2010;15/03/2010;11;Italy;Cage;195.24
2010;08/03/2010;10;Italy;Cage;195.24
2010;01/03/2010;9;Italy;Cage;195.24
2010;22/02/2010;8;Italy;Cage;191.47
2010;15/02/2010;7;Italy;Cage;184.33
2010;08/02/2010;6;Italy;Cage;176.79
2010;01/02/2010;5;Italy;Cage;173.61
2010;25/01/2010;4;Italy;Cage;170.83
2010;18/01/2010;3;Italy;Cage;170.83
2010;11/01/2010;2;Italy;Cage;174.40
2010;04/01/2010;1;Italy;Cage;181.55
2009;28/12/2009;52;Italy;Cage;181.55
2009;21/12/2009;51;Italy;Cage;182.74
2009;14/12/2009;50;Italy;Cage;182.74
2009;07/12/2009;49;Italy;Cage;182.34
2009;30/11/2009;48;Italy;Cage;179.17
2009;23/11/2009;47;Italy;Cage;179.17
2009;16/11/2009;46;Italy;Cage;179.17
2009;09/11/2009;45;Italy;Cage;179.17
2009;02/11/2009;44;Italy;Cage;177.58
2009;26/10/2009;43;Italy;Cage;177.58
2009;19/10/2009;42;Italy;Cage;177.58
2009;12/10/2009;41;Italy;Cage;177.58
2009;05/10/2009;40;Italy;Cage;176.79
2009;28/09/2009;39;Italy;Cage;176.79
2009;21/09/2009;38;Italy;Cage;175.20
2009;14/09/2009;37;Italy;Cage;173.21
2009;07/09/2009;36;Italy;Cage;171.23
2009;31/08/2009;35;Italy;Cage;166.47
2009;24/08/2009;34;Italy;Cage;163.29
2009;17/08/2009;33;Italy;Cage;163.29
2009;10/08/2009;32;Italy;Cage;163.29
2009;03/08/2009;31;Italy;Cage;163.29
2009;27/07/2009;30;Italy;Cage;163.29
2009;20/07/2009;29;Italy;Cage;164.09
2009;13/07/2009;28;Italy;Cage;165.28
2009;06/07/2009;27;Italy;Cage;165.28
2009;29/06/2009;26;Italy;Cage;164.09
2009;22/06/2009;25;Italy;Cage;162.10
2009;15/06/2009;24;Italy;Cage;160.52
2009;08/06/2009;23;Italy;Cage;158.93
2009;01/06/2009;22;Italy;Cage;158.93
2009;25/05/2009;21;Italy;Cage;159.33
2009;18/05/2009;20;Italy;Cage;160.12
2009;11/05/2009;19;Italy;Cage;160.12
2009;04/05/2009;18;Italy;Cage;161.31
2009;27/04/2009;17;Italy;Cage;162.50
2009;20/04/2009;16;Italy;Cage;166.07
2009;13/04/2009;15;Italy;Cage;168.45
2009;06/04/2009;14;Italy;Cage;173.61
2009;30/03/2009;13;Italy;Cage;173.61
2009;23/03/2009;12;Italy;Cage;173.61
2009;16/03/2009;11;Italy;Cage;173.61
2009;09/03/2009;10;Italy;Cage;173.61
2009;02/03/2009;9;Italy;Cage;172.82
2009;23/02/2009;8;Italy;Cage;168.45
2009;16/02/2009;7;Italy;Cage;162.50
2009;09/02/2009;6;Italy;Cage;157.74
2009;02/02/2009;5;Italy;Cage;152.18
2009;26/01/2009;4;Italy;Cage;151.39
2009;19/01/2009;3;Italy;Cage;151.39
2009;12/01/2009;2;Italy;Cage;152.98
2009;05/01/2009;1;Italy;Cage;156.55
2008;29/12/2008;52;Italy;Cage;156.55
2008;22/12/2008;51;Italy;Cage;156.55
2008;15/12/2008;50;Italy;Cage;156.55
2008;08/12/2008;49;Italy;Cage;156.55
2008;01/12/2008;48;Italy;Cage;154.17
2008;24/11/2008;47;Italy;Cage;154.17
2008;17/11/2008;46;Italy;Cage;154.17
2008;10/11/2008;45;Italy;Cage;155.75
2008;03/11/2008;44;Italy;Cage;161.31
2008;27/10/2008;43;Italy;Cage;163.29
2008;20/10/2008;42;Italy;Cage;163.29
2008;13/10/2008;41;Italy;Cage;163.29
2008;06/10/2008;40;Italy;Cage;162.90
2008;29/09/2008;39;Italy;Cage;161.31
2008;22/09/2008;38;Italy;Cage;160.52
2008;15/09/2008;37;Italy;Cage;160.12
2008;08/09/2008;36;Italy;Cage;158.53
2008;01/09/2008;35;Italy;Cage;158.56
2008;25/08/2008;34;Italy;Cage;158.13
2008;18/08/2008;33;Italy;Cage;158.13
2008;11/08/2008;32;Italy;Cage;158.53
2008;04/08/2008;31;Italy;Cage;156.94
2008;28/07/2008;30;Italy;Cage;156.94
2008;21/07/2008;29;Italy;Cage;150.60
2008;14/07/2008;28;Italy;Cage;150.60
2008;07/07/2008;27;Italy;Cage;149.80
2008;30/06/2008;26;Italy;Cage;149.40
2008;23/06/2008;25;Italy;Cage;149.40
2008;16/06/2008;24;Italy;Cage;148.61
2008;09/06/2008;23;Italy;Cage;147.42
2008;02/06/2008;22;Italy;Cage;147.42
2008;26/05/2008;21;Italy;Cage;147.42
2008;19/05/2008;20;Italy;Cage;147.42
2008;12/05/2008;19;Italy;Cage;145.44
2008;05/05/2008;18;Italy;Cage;143.45
2008;28/04/2008;17;Italy;Cage;142.66
2008;21/04/2008;16;Italy;Cage;142.66
2008;14/04/2008;15;Italy;Cage;145.83
2008;07/04/2008;14;Italy;Cage;152.58
2008;31/03/2008;13;Italy;Cage;156.94
2008;24/03/2008;12;Italy;Cage;161.71
2008;17/03/2008;11;Italy;Cage;168.45
2008;10/03/2008;10;Italy;Cage;168.45
2008;03/03/2008;9;Italy;Cage;168.45
2008;25/02/2008;8;Italy;Cage;168.45
2008;18/02/2008;7;Italy;Cage;168.45
2008;11/02/2008;6;Italy;Cage;166.86
2008;04/02/2008;5;Italy;Cage;165.28
2008;28/01/2008;4;Italy;Cage;163.69
2008;21/01/2008;3;Italy;Cage;163.69
2008;14/01/2008;2;Italy;Cage;163.69
2008;07/01/2008;1;Italy;Cage;166.87
2007;31/12/2007;53;Italy;Cage;175.99
2007;24/12/2007;52;Italy;Cage;177.98
2007;17/12/2007;51;Italy;Cage;179.96
2007;10/12/2007;50;Italy;Cage;179.96
2007;03/12/2007;49;Italy;Cage;179.96
2007;26/11/2007;48;Italy;Cage;177.58
2007;19/11/2007;47;Italy;Cage;173.61
2007;12/11/2007;46;Italy;Cage;172.82
2007;05/11/2007;45;Italy;Cage;168.06
2007;29/10/2007;44;Italy;Cage;168.06
2007;22/10/2007;43;Italy;Cage;168.06
2007;15/10/2007;42;Italy;Cage;164.48
2007;08/10/2007;41;Italy;Cage;163.69
2007;01/10/2007;40;Italy;Cage;161.31
2007;24/09/2007;39;Italy;Cage;161.31
2007;17/09/2007;38;Italy;Cage;161.31
2007;10/09/2007;37;Italy;Cage;156.94
2007;03/09/2007;36;Italy;Cage;152.58
2007;27/08/2007;35;Italy;Cage;150.99
2007;20/08/2007;34;Italy;Cage;149.40
2007;13/08/2007;33;Italy;Cage;142.66
2007;06/08/2007;32;Italy;Cage;141.47
2007;30/07/2007;31;Italy;Cage;139.09
2007;23/07/2007;30;Italy;Cage;136.90
2007;16/07/2007;29;Italy;Cage;135.52
2007;09/07/2007;28;Italy;Cage;140.28
2007;02/07/2007;27;Italy;Cage;140.28
2007;25/06/2007;26;Italy;Cage;140.28
2007;18/06/2007;25;Italy;Cage;140.28
2007;11/06/2007;24;Italy;Cage;139.48
2007;04/06/2007;23;Italy;Cage;137.90
2007;28/05/2007;22;Italy;Cage;132.74
2007;21/05/2007;21;Italy;Cage;131.55
2007;14/05/2007;20;Italy;Cage;128.37
2007;07/05/2007;19;Italy;Cage;130.75
2007;30/04/2007;18;Italy;Cage;131.94
2007;23/04/2007;17;Italy;Cage;138.69
2007;16/04/2007;16;Italy;Cage;142.66
2007;09/04/2007;15;Italy;Cage;150.20
2007;02/04/2007;14;Italy;Cage;155.56
2007;26/03/2007;13;Italy;Cage;155.56
2007;19/03/2007;12;Italy;Cage;155.56
2007;12/03/2007;11;Italy;Cage;155.56
2007;05/03/2007;10;Italy;Cage;155.56
2007;26/02/2007;9;Italy;Cage;155.56
2007;19/02/2007;8;Italy;Cage;156.94
2007;12/02/2007;7;Italy;Cage;154.17
2007;05/02/2007;6;Italy;Cage;154.17
2007;29/01/2007;5;Italy;Cage;144.64
2007;22/01/2007;4;Italy;Cage;142.66
2007;15/01/2007;3;Italy;Cage;142.66
2007;08/01/2007;2;Italy;Cage;155.36
2007;01/01/2007;1;Italy;Cage;155.36
2006;25/12/2006;52;Italy;Cage;158.13
2006;18/12/2006;51;Italy;Cage;158.13
2006;11/12/2006;50;Italy;Cage;158.13
2006;04/12/2006;49;Italy;Cage;156.94
2006;27/11/2006;48;Italy;Cage;156.55
2006;20/11/2006;47;Italy;Cage;154.56
2006;13/11/2006;46;Italy;Cage;154.56
2006;06/11/2006;45;Italy;Cage;154.56
2006;30/10/2006;44;Italy;Cage;153.77
2006;23/10/2006;43;Italy;Cage;153.77
2006;16/10/2006;42;Italy;Cage;149.01
2006;09/10/2006;41;Italy;Cage;143.85
2006;02/10/2006;40;Italy;Cage;141.87
2006;25/09/2006;39;Italy;Cage;141.87
2006;18/09/2006;38;Italy;Cage;141.87
2006;11/09/2006;37;Italy;Cage;142.66
2006;04/09/2006;36;Italy;Cage;142.66
2006;28/08/2006;35;Italy;Cage;134.33
2006;21/08/2006;34;Italy;Cage;132.74
2006;14/08/2006;33;Italy;Cage;125.99
2006;07/08/2006;32;Italy;Cage;125.99
2006;31/07/2006;31;Italy;Cage;125.20
2006;24/07/2006;30;Italy;Cage;124.80
2006;17/07/2006;29;Italy;Cage;125.20
2006;10/07/2006;28;Italy;Cage;124.40
2006;03/07/2006;27;Italy;Cage;126.79
2006;26/06/2006;26;Italy;Cage;128.37
2006;19/06/2006;25;Italy;Cage;126.79
2006;12/06/2006;24;Italy;Cage;120.83
2006;05/06/2006;23;Italy;Cage;116.07
2006;29/05/2006;22;Italy;Cage;116.47
2006;22/05/2006;21;Italy;Cage;116.47
2006;15/05/2006;20;Italy;Cage;116.47
2006;08/05/2006;19;Italy;Cage;122.02
2006;01/05/2006;18;Italy;Cage;125.60
2006;24/04/2006;17;Italy;Cage;127.98
2006;17/04/2006;16;Italy;Cage;129.17
2006;10/04/2006;15;Italy;Cage;131.15
2006;03/04/2006;14;Italy;Cage;131.15
2006;27/03/2006;13;Italy;Cage;131.15
2006;20/03/2006;12;Italy;Cage;130.36
2006;13/03/2006;11;Italy;Cage;130.36
2006;06/03/2006;10;Italy;Cage;130.36
2006;27/02/2006;9;Italy;Cage;130.75
2006;20/02/2006;8;Italy;Cage;130.36
2006;13/02/2006;7;Italy;Cage;128.37
2006;06/02/2006;6;Italy;Cage;127.18
2006;30/01/2006;5;Italy;Cage;124.01
2006;23/01/2006;4;Italy;Cage;124.01
2006;16/01/2006;3;Italy;Cage;124.01
2006;02/01/2006;1;Italy;Cage;127.98
2005;26/12/2005;52;Italy;Cage;134.72
2005;19/12/2005;51;Italy;Cage;134.72
2005;12/12/2005;50;Italy;Cage;133.53
2005;05/12/2005;49;Italy;Cage;128.77
2005;28/11/2005;48;Italy;Cage;125.99
2005;21/11/2005;47;Italy;Cage;125.20
2005;14/11/2005;46;Italy;Cage;128.77
2005;07/11/2005;45;Italy;Cage;128.77
2005;31/10/2005;44;Italy;Cage;133.93
2005;24/10/2005;43;Italy;Cage;133.93
2005;17/10/2005;42;Italy;Cage;133.93
2005;10/10/2005;41;Italy;Cage;126.79
2005;03/10/2005;40;Italy;Cage;126.79
2005;26/09/2005;39;Italy;Cage;126.79
2005;19/09/2005;38;Italy;Cage;127.58
2005;12/09/2005;37;Italy;Cage;127.18
2005;05/09/2005;36;Italy;Cage;123.93
2005;29/08/2005;35;Italy;Cage;120.44
2005;22/08/2005;34;Italy;Cage;115.28
2005;15/08/2005;33;Italy;Cage;112.50
2005;08/08/2005;32;Italy;Cage;111.31
2005;01/08/2005;31;Italy;Cage;111.31
2005;25/07/2005;30;Italy;Cage;111.31
2005;18/07/2005;29;Italy;Cage;110.91
2005;11/07/2005;28;Italy;Cage;108.53
2005;04/07/2005;27;Italy;Cage;107.34
2005;27/06/2005;26;Italy;Cage;106.94
2005;20/06/2005;25;Italy;Cage;106.55
2005;13/06/2005;24;Italy;Cage;105.75
2005;06/06/2005;23;Italy;Cage;106.55
2005;30/05/2005;22;Italy;Cage;106.55
2005;23/05/2005;21;Italy;Cage;106.55
2005;16/05/2005;20;Italy;Cage;106.55
2005;09/05/2005;19;Italy;Cage;104.96
2005;02/05/2005;18;Italy;Cage;104.96
2005;25/04/2005;17;Italy;Cage;104.96
2005;18/04/2005;16;Italy;Cage;109.33
2005;11/04/2005;15;Italy;Cage;110.12
2005;04/04/2005;14;Italy;Cage;118.45
2005;28/03/2005;13;Italy;Cage;125.20
2005;21/03/2005;12;Italy;Cage;129.96
2005;14/03/2005;11;Italy;Cage;129.96
2005;07/03/2005;10;Italy;Cage;127.98
2005;28/02/2005;9;Italy;Cage;127.18
2005;21/02/2005;8;Italy;Cage;123.61
2005;14/02/2005;7;Italy;Cage;122.02
2005;07/02/2005;6;Italy;Cage;116.87
2005;31/01/2005;5;Italy;Cage;112.50
2005;24/01/2005;4;Italy;Cage;110.12
2005;17/01/2005;3;Italy;Cage;110.12
2005;10/01/2005;2;Italy;Cage;111.31
2005;03/01/2005;1;Italy;Cage;116.47
2004;27/12/2004;52;Italy;Cage;125.60
2004;20/12/2004;51;Italy;Cage;125.60
2004;13/12/2004;50;Italy;Cage;125.60
2004;06/12/2004;49;Italy;Cage;116.96
2004;29/11/2004;48;Italy;Cage;114.98
2004;22/11/2004;47;Italy;Cage;112.60
2004;15/11/2004;46;Italy;Cage;109.82
2004;08/11/2004;45;Italy;Cage;111.41
2004;01/11/2004;44;Italy;Cage;112.60
2004;25/10/2004;43;Italy;Cage;112.60
2004;18/10/2004;42;Italy;Cage;111.01
2004;11/10/2004;41;Italy;Cage;111.01
2004;04/10/2004;40;Italy;Cage;109.03
2004;27/09/2004;39;Italy;Cage;107.44
2004;20/09/2004;38;Italy;Cage;107.44
2004;13/09/2004;37;Italy;Cage;106.25
2004;06/09/2004;36;Italy;Cage;105.85
2004;30/08/2004;35;Italy;Cage;102.88
2004;23/08/2004;34;Italy;Cage;102.88
2004;16/08/2004;33;Italy;Cage;102.88
2004;09/08/2004;32;Italy;Cage;102.90
2004;02/08/2004;31;Italy;Cage;102.88
2004;26/07/2004;30;Italy;Cage;102.08
2004;19/07/2004;29;Italy;Cage;102.08
2004;12/07/2004;28;Italy;Cage;107.24
2004;05/07/2004;27;Italy;Cage;108.06
2004;28/06/2004;26;Italy;Cage;108.04
2004;21/06/2004;25;Italy;Cage;109.62
2004;14/06/2004;24;Italy;Cage;109.62
2004;07/06/2004;23;Italy;Cage;108.43
2004;31/05/2004;22;Italy;Cage;107.24
2004;24/05/2004;21;Italy;Cage;107.24
2004;17/05/2004;20;Italy;Cage;107.24
2004;10/05/2004;19;Italy;Cage;108.83
2004;03/05/2004;18;Italy;Cage;111.21
2004;26/04/2004;17;Italy;Cage;117.16
2004;19/04/2004;16;Italy;Cage;117.96
2004;12/04/2004;15;Italy;Cage;119.54
2004;05/04/2004;14;Italy;Cage;127.48
2004;29/03/2004;13;Italy;Cage;130.26
2004;22/03/2004;12;Italy;Cage;131.05
2004;15/03/2004;11;Italy;Cage;131.85
2004;08/03/2004;10;Italy;Cage;134.23
2004;01/03/2004;9;Italy;Cage;135.42
2004;23/02/2004;8;Italy;Cage;137.80
2004;16/02/2004;7;Italy;Cage;138.99
2004;09/02/2004;6;Italy;Cage;138.99
2004;02/02/2004;5;Italy;Cage;139.78
2004;26/01/2004;4;Italy;Cage;138.99
2004;19/01/2004;3;Italy;Cage;138.99
2004;12/01/2004;2;Italy;Cage;138.99
2004;05/01/2004;1;Italy;Cage;142.78
2003;29/12/2003;52;Italy;Cage;150.71
2003;22/12/2003;51;Italy;Cage;153.49
2003;15/12/2003;50;Italy;Cage;153.49
2003;08/12/2003;49;Italy;Cage;153.49
2003;01/12/2003;48;Italy;Cage;153.10
2003;24/11/2003;47;Italy;Cage;156.27
2003;17/11/2003;46;Italy;Cage;156.27
2003;10/11/2003;45;Italy;Cage;155.48
2003;03/11/2003;44;Italy;Cage;153.89
2003;27/10/2003;43;Italy;Cage;153.89
2003;20/10/2003;42;Italy;Cage;152.70
2003;13/10/2003;41;Italy;Cage;151.90
2003;06/10/2003;40;Italy;Cage;147.54
2003;29/09/2003;39;Italy;Cage;142.78
2003;22/09/2003;38;Italy;Cage;142.78
2003;15/09/2003;37;Italy;Cage;142.78
2003;08/09/2003;36;Italy;Cage;138.02
2003;01/09/2003;35;Italy;Cage;132.06
2003;25/08/2003;34;Italy;Cage;126.90
2003;18/08/2003;33;Italy;Cage;124.72
2003;11/08/2003;32;Italy;Cage;124.72
2003;04/08/2003;31;Italy;Cage;124.72
2003;28/07/2003;30;Italy;Cage;123.53
2003;21/07/2003;29;Italy;Cage;122.34
2003;14/07/2003;28;Italy;Cage;121.15
2003;07/07/2003;27;Italy;Cage;119.17
2003;30/06/2003;26;Italy;Cage;119.17
2003;23/06/2003;25;Italy;Cage;119.56
2003;16/06/2003;24;Italy;Cage;119.56
2003;09/06/2003;23;Italy;Cage;119.96
2003;02/06/2003;22;Italy;Cage;120.75
2003;26/05/2003;21;Italy;Cage;120.75
2003;19/05/2003;20;Italy;Cage;120.36
2003;12/05/2003;19;Italy;Cage;120.71
2003;05/05/2003;18;Italy;Cage;122.34
2003;28/04/2003;17;Italy;Cage;127.50
2003;21/04/2003;16;Italy;Cage;127.90
2003;14/04/2003;15;Italy;Cage;127.10
2003;07/04/2003;14;Italy;Cage;124.60
2003;31/03/2003;13;Italy;Cage;126.19
2003;24/03/2003;12;Italy;Cage;126.19
2003;17/03/2003;11;Italy;Cage;129.37
2003;10/03/2003;10;Italy;Cage;132.54
2003;03/03/2003;9;Italy;Cage;132.54
2003;24/02/2003;8;Italy;Cage;129.37
2003;17/02/2003;7;Italy;Cage;129.37
2003;10/02/2003;6;Italy;Cage;127.78
2003;03/02/2003;5;Italy;Cage;127.78
2003;27/01/2003;4;Italy;Cage;129.37
2003;20/01/2003;3;Italy;Cage;129.37
2003;13/01/2003;2;Italy;Cage;129.37
2003;06/01/2003;1;Italy;Cage;130.95
2002;30/12/2002;52;Italy;Cage;138.10
2002;23/12/2002;51;Italy;Cage;138.10
2002;16/12/2002;50;Italy;Cage;138.10
2002;09/12/2002;49;Italy;Cage;135.71
2002;02/12/2002;48;Italy;Cage;132.54
2002;25/11/2002;47;Italy;Cage;132.54
2002;18/11/2002;46;Italy;Cage;132.54
2002;11/11/2002;45;Italy;Cage;132.54
2002;04/11/2002;44;Italy;Cage;132.54
2002;28/10/2002;43;Italy;Cage;132.54
2002;21/10/2002;42;Italy;Cage;134.92
2002;14/10/2002;41;Italy;Cage;130.16
2002;07/10/2002;40;Italy;Cage;130.16
2002;30/09/2002;39;Italy;Cage;130.16
2002;23/09/2002;38;Italy;Cage;130.16
2002;16/09/2002;37;Italy;Cage;130.16
2002;09/09/2002;36;Italy;Cage;130.16
2002;02/09/2002;35;Italy;Cage;128.57
2002;26/08/2002;34;Italy;Cage;126.98
2002;19/08/2002;33;Italy;Cage;121.43
2002;12/08/2002;32;Italy;Cage;117.46
2002;05/08/2002;31;Italy;Cage;117.46
2002;29/07/2002;30;Italy;Cage;115.87
2002;22/07/2002;29;Italy;Cage;113.49
2002;15/07/2002;28;Italy;Cage;111.11
2002;08/07/2002;27;Italy;Cage;107.94
2002;01/07/2002;26;Italy;Cage;107.94
2002;24/06/2002;25;Italy;Cage;107.94
2002;17/06/2002;24;Italy;Cage;107.94
2002;10/06/2002;23;Italy;Cage;107.94
2002;03/06/2002;22;Italy;Cage;107.94
2002;27/05/2002;21;Italy;Cage;111.90
2002;20/05/2002;20;Italy;Cage;111.90
2002;13/05/2002;19;Italy;Cage;111.90
2002;06/05/2002;18;Italy;Cage;114.29
2002;29/04/2002;17;Italy;Cage;122.22
2002;22/04/2002;16;Italy;Cage;122.22
2002;15/04/2002;15;Italy;Cage;123.02
2002;08/04/2002;14;Italy;Cage;123.81
2002;01/04/2002;13;Italy;Cage;126.59
2002;25/03/2002;12;Italy;Cage;130.56
2002;18/03/2002;11;Italy;Cage;130.56
2002;11/03/2002;10;Italy;Cage;129.76
2002;04/03/2002;9;Italy;Cage;129.76
2002;25/02/2002;8;Italy;Cage;129.76
2002;18/02/2002;7;Italy;Cage;125.79
2002;11/02/2002;6;Italy;Cage;125.40
2002;04/02/2002;5;Italy;Cage;125.40
2002;28/01/2002;4;Italy;Cage;125.40
2002;21/01/2002;3;Italy;Cage;122.62
2002;14/01/2002;2;Italy;Cage;120.63
2002;07/01/2002;1;Italy;Cage;121.03
2001;31/12/2001;53;Italy;Cage;127.06
2001;24/12/2001;52;Italy;Cage;133.62
2001;17/12/2001;51;Italy;Cage;133.62
2001;10/12/2001;50;Italy;Cage;128.70
2001;03/12/2001;49;Italy;Cage;128.70
2001;26/11/2001;48;Italy;Cage;125.43
2001;19/11/2001;47;Italy;Cage;123.79
2001;12/11/2001;46;Italy;Cage;123.79
2001;05/11/2001;45;Italy;Cage;123.79
2001;29/10/2001;44;Italy;Cage;121.74
2001;22/10/2001;43;Italy;Cage;121.74
2001;15/10/2001;42;Italy;Cage;120.10
2001;08/10/2001;41;Italy;Cage;120.92
2001;01/10/2001;40;Italy;Cage;121.74
2001;24/09/2001;39;Italy;Cage;121.74
2001;17/09/2001;38;Italy;Cage;121.74
2001;10/09/2001;37;Italy;Cage;119.69
2001;03/09/2001;36;Italy;Cage;110.67
2001;27/08/2001;35;Italy;Cage;110.67
2001;20/08/2001;34;Italy;Cage;110.67
2001;13/08/2001;33;Italy;Cage;110.67
2001;06/08/2001;32;Italy;Cage;110.67
2001;30/07/2001;31;Italy;Cage;110.67
2001;23/07/2001;30;Italy;Cage;110.67
2001;16/07/2001;29;Italy;Cage;110.67
2001;09/07/2001;28;Italy;Cage;110.67
2001;02/07/2001;27;Italy;Cage;110.67
2001;25/06/2001;26;Italy;Cage;110.67
2001;18/06/2001;25;Italy;Cage;118.05
2001;11/06/2001;24;Italy;Cage;118.05
2001;04/06/2001;23;Italy;Cage;118.05
2001;28/05/2001;22;Italy;Cage;118.05
2001;21/05/2001;21;Italy;Cage;118.05
2001;14/05/2001;20;Italy;Cage;118.05
2001;07/05/2001;19;Italy;Cage;118.05
2001;30/04/2001;18;Italy;Cage;118.05
2001;23/04/2001;17;Italy;Cage;118.05
2001;16/04/2001;16;Italy;Cage;122.15
2001;09/04/2001;15;Italy;Cage;125.02
2001;02/04/2001;14;Italy;Cage;125.02
2001;26/03/2001;13;Italy;Cage;127.47
2001;19/03/2001;12;Italy;Cage;127.47
2001;12/03/2001;11;Italy;Cage;127.47
2001;05/03/2001;10;Italy;Cage;125.02
2001;26/02/2001;9;Italy;Cage;122.97
2001;19/02/2001;8;Italy;Cage;122.15
2001;12/02/2001;7;Italy;Cage;120.10
2001;05/02/2001;6;Italy;Cage;120.10
2001;29/01/2001;5;Italy;Cage;118.87
2001;22/01/2001;4;Italy;Cage;116.82
2001;15/01/2001;3;Italy;Cage;116.82
2001;08/01/2001;2;Italy;Cage;120.92
2001;01/01/2001;1;Italy;Cage;120.92
2000;25/12/2000;52;Italy;Cage;127.06
2000;18/12/2000;51;Italy;Cage;127.06
2000;11/12/2000;50;Italy;Cage;127.06
2000;04/12/2000;49;Italy;Cage;122.97
2000;27/11/2000;48;Italy;Cage;120.51
2000;20/11/2000;47;Italy;Cage;120.51
2000;13/11/2000;46;Italy;Cage;122.97
2000;06/11/2000;45;Italy;Cage;127.06
2000;30/10/2000;44;Italy;Cage;127.06
2000;23/10/2000;43;Italy;Cage;127.06
2000;16/10/2000;42;Italy;Cage;124.20
2000;09/10/2000;41;Italy;Cage;124.20
2000;02/10/2000;40;Italy;Cage;125.84
2000;25/09/2000;39;Italy;Cage;125.02
2000;18/09/2000;38;Italy;Cage;125.02
2000;11/09/2000;37;Italy;Cage;125.02
2000;04/09/2000;36;Italy;Cage;125.02
2000;28/08/2000;35;Italy;Cage;125.02
2000;21/08/2000;34;Italy;Cage;122.97
2000;14/08/2000;33;Italy;Cage;122.97
2000;07/08/2000;32;Italy;Cage;116.82
2000;31/07/2000;31;Italy;Cage;116.82
2000;24/07/2000;30;Italy;Cage;116.82
2000;17/07/2000;29;Italy;Cage;118.87
2000;10/07/2000;28;Italy;Cage;118.87
2000;03/07/2000;27;Italy;Cage;114.77
2000;26/06/2000;26;Italy;Cage;114.77
2000;19/06/2000;25;Italy;Cage;112.72
2000;12/06/2000;24;Italy;Cage;112.72
2000;05/06/2000;23;Italy;Cage;112.72
2000;29/05/2000;22;Italy;Cage;120.92
2000;22/05/2000;21;Italy;Cage;122.97
2000;15/05/2000;20;Italy;Cage;127.06
2000;08/05/2000;19;Italy;Cage;135.26
2000;01/05/2000;18;Italy;Cage;137.31
2000;24/04/2000;17;Italy;Cage;137.31
2000;17/04/2000;16;Italy;Cage;137.31
2000;10/04/2000;15;Italy;Cage;137.31
2000;03/04/2000;14;Italy;Cage;137.31
2000;27/03/2000;13;Italy;Cage;137.31
2000;20/03/2000;12;Italy;Cage;138.95
2000;13/03/2000;11;Italy;Cage;138.95
2000;06/03/2000;10;Italy;Cage;125.02
2000;28/02/2000;9;Italy;Cage;130.34
2000;21/02/2000;8;Italy;Cage;127.06
2000;14/02/2000;7;Italy;Cage;127.06
2000;07/02/2000;6;Italy;Cage;129.11
2000;31/01/2000;5;Italy;Cage;129.11
2000;24/01/2000;4;Italy;Cage;129.11
2000;17/01/2000;3;Italy;Cage;129.11
2000;10/01/2000;2;Italy;Cage;125.43
2000;03/01/2000;1;Italy;Cage;125.02
1999;27/12/1999;52;Italy;Cage;125.02
1999;20/12/1999;51;Italy;Cage;120.92
1999;13/12/1999;50;Italy;Cage;114.36
1999;06/12/1999;49;Italy;Cage;114.36
1999;29/11/1999;48;Italy;Cage;107.39
1999;22/11/1999;47;Italy;Cage;107.39
1999;15/11/1999;46;Italy;Cage;107.39
1999;08/11/1999;45;Italy;Cage;105.34
1999;01/11/1999;44;Italy;Cage;105.34
1999;25/10/1999;43;Italy;Cage;105.34
1999;18/10/1999;42;Italy;Cage;105.34
1999;11/10/1999;41;Italy;Cage;104.52
1999;04/10/1999;40;Italy;Cage;104.52
1999;27/09/1999;39;Italy;Cage;103.29
1999;20/09/1999;38;Italy;Cage;106.16
1999;13/09/1999;37;Italy;Cage;100.42
1999;06/09/1999;36;Italy;Cage;97.55
1999;30/08/1999;35;Italy;Cage;94.27
1999;23/08/1999;34;Italy;Cage;88.13
1999;16/08/1999;33;Italy;Cage;80.75
1999;09/08/1999;32;Italy;Cage;80.75
1999;02/08/1999;31;Italy;Cage;80.75
1999;26/07/1999;30;Italy;Cage;80.75
1999;19/07/1999;29;Italy;Cage;78.70
1999;12/07/1999;28;Italy;Cage;74.60
1999;05/07/1999;27;Italy;Cage;73.78
1999;28/06/1999;26;Italy;Cage;73.78
1999;21/06/1999;25;Italy;Cage;73.78
1999;14/06/1999;24;Italy;Cage;73.78
1999;07/06/1999;23;Italy;Cage;73.78
1999;31/05/1999;22;Italy;Cage;73.78
1999;24/05/1999;21;Italy;Cage;77.88
1999;17/05/1999;20;Italy;Cage;73.78
1999;10/05/1999;19;Italy;Cage;73.78
1999;03/05/1999;18;Italy;Cage;74.60
1999;26/04/1999;17;Italy;Cage;77.88
1999;19/04/1999;16;Italy;Cage;81.98
1999;12/04/1999;15;Italy;Cage;85.26
1999;05/04/1999;14;Italy;Cage;93.04
1999;29/03/1999;13;Italy;Cage;97.14
1999;22/03/1999;12;Italy;Cage;101.24
1999;15/03/1999;11;Italy;Cage;103.70
1999;08/03/1999;10;Italy;Cage;106.98
1999;01/03/1999;9;Italy;Cage;109.85
1999;22/02/1999;8;Italy;Cage;109.85
1999;15/02/1999;7;Italy;Cage;106.57
1999;08/02/1999;6;Italy;Cage;103.29
1999;01/02/1999;5;Italy;Cage;102.47
1999;25/01/1999;4;Italy;Cage;102.47
1999;18/01/1999;3;Italy;Cage;104.52
1999;11/01/1999;2;Italy;Cage;107.80
1999;04/01/1999;1;Italy;Cage;119.28
1998;28/12/1998;52;Italy;Cage;117.17
1998;21/12/1998;51;Italy;Cage;118.61
1998;14/12/1998;50;Italy;Cage;118.61
1998;07/12/1998;49;Italy;Cage;114.59
1998;30/11/1998;48;Italy;Cage;108.56
1998;23/11/1998;47;Italy;Cage;103.73
1998;16/11/1998;46;Italy;Cage;102.53
1998;09/11/1998;45;Italy;Cage;100.92
1998;02/11/1998;44;Italy;Cage;106.55
1998;26/10/1998;43;Italy;Cage;110.57
1998;19/10/1998;42;Italy;Cage;110.57
1998;12/10/1998;41;Italy;Cage;110.57
1998;05/10/1998;40;Italy;Cage;109.76
1998;28/09/1998;39;Italy;Cage;108.56
1998;21/09/1998;38;Italy;Cage;108.16
1998;14/09/1998;37;Italy;Cage;108.16
1998;07/09/1998;36;Italy;Cage;106.55
1998;31/08/1998;35;Italy;Cage;100.52
1998;24/08/1998;34;Italy;Cage;101.32
1998;17/08/1998;33;Italy;Cage;92.48
1998;10/08/1998;32;Italy;Cage;92.48
1998;03/08/1998;31;Italy;Cage;90.06
1998;27/07/1998;30;Italy;Cage;90.06
1998;20/07/1998;29;Italy;Cage;90.06
1998;13/07/1998;28;Italy;Cage;90.06
1998;06/07/1998;27;Italy;Cage;90.06
1998;29/06/1998;26;Italy;Cage;90.06
1998;22/06/1998;25;Italy;Cage;89.26
1998;15/06/1998;24;Italy;Cage;90.87
1998;08/06/1998;23;Italy;Cage;90.87
1998;01/06/1998;22;Italy;Cage;92.48
1998;25/05/1998;21;Italy;Cage;92.48
1998;18/05/1998;20;Italy;Cage;92.48
1998;11/05/1998;19;Italy;Cage;93.68
1998;04/05/1998;18;Italy;Cage;97.70
1998;27/04/1998;17;Italy;Cage;97.70
1998;20/04/1998;16;Italy;Cage;98.51
1998;13/04/1998;15;Italy;Cage;100.92
1998;06/04/1998;14;Italy;Cage;102.53
1998;30/03/1998;13;Italy;Cage;102.53
1998;23/03/1998;12;Italy;Cage;104.54
1998;16/03/1998;11;Italy;Cage;108.56
1998;09/03/1998;10;Italy;Cage;112.58
1998;02/03/1998;9;Italy;Cage;118.61
1998;23/02/1998;8;Italy;Cage;110.97
1998;16/02/1998;7;Italy;Cage;108.96
1998;09/02/1998;6;Italy;Cage;104.54
1998;02/02/1998;5;Italy;Cage;104.54
1998;26/01/1998;4;Italy;Cage;102.93
1998;19/01/1998;3;Italy;Cage;107.75
1998;12/01/1998;2;Italy;Cage;113.79
1998;05/01/1998;1;Italy;Cage;121.83
1997;29/12/1997;52;Italy;Cage;121.83
1997;22/12/1997;51;Italy;Cage;121.83
1997;15/12/1997;50;Italy;Cage;113.79
1997;08/12/1997;49;Italy;Cage;111.37
1997;01/12/1997;48;Italy;Cage;111.37
1997;24/11/1997;47;Italy;Cage;107.75
1997;17/11/1997;46;Italy;Cage;102.93
1997;10/11/1997;45;Italy;Cage;101.32
1997;03/11/1997;44;Italy;Cage;100.52
1997;27/10/1997;43;Italy;Cage;98.91
1997;20/10/1997;42;Italy;Cage;100.52
1997;13/10/1997;41;Italy;Cage;104.54
1997;06/10/1997;40;Italy;Cage;106.95
1997;29/09/1997;39;Italy;Cage;106.95
1997;22/09/1997;38;Italy;Cage;106.95
1997;15/09/1997;37;Italy;Cage;106.95
1997;08/09/1997;36;Italy;Cage;105.74
1997;01/09/1997;35;Italy;Cage;100.92
1997;25/08/1997;34;Italy;Cage;99.71
1997;18/08/1997;33;Italy;Cage;99.71
1997;11/08/1997;32;Italy;Cage;99.71
1997;04/08/1997;31;Italy;Cage;99.71
1997;28/07/1997;30;Italy;Cage;95.69
1997;21/07/1997;29;Italy;Cage;95.69
1997;14/07/1997;28;Italy;Cage;95.69
1997;07/07/1997;27;Italy;Cage;94.08
1997;30/06/1997;26;Italy;Cage;94.89
1997;23/06/1997;25;Italy;Cage;94.89
1997;16/06/1997;24;Italy;Cage;94.89
1997;09/06/1997;23;Italy;Cage;94.89
1997;02/06/1997;22;Italy;Cage;94.89
1997;26/05/1997;21;Italy;Cage;94.89
1997;19/05/1997;20;Italy;Cage;94.89
1997;12/05/1997;19;Italy;Cage;97.30
1997;05/05/1997;18;Italy;Cage;98.51
1997;28/04/1997;17;Italy;Cage;102.13
1997;21/04/1997;16;Italy;Cage;105.34
1997;14/04/1997;15;Italy;Cage;105.74
1997;07/04/1997;14;Italy;Cage;108.56
1997;31/03/1997;13;Italy;Cage;114.99
1997;24/03/1997;12;Italy;Cage;114.99
1997;17/03/1997;11;Italy;Cage;119.01
1997;10/03/1997;10;Italy;Cage;119.01
1997;03/03/1997;9;Italy;Cage;124.64
1997;24/02/1997;8;Italy;Cage;127.05
1997;17/02/1997;7;Italy;Cage;123.03
1997;10/02/1997;6;Italy;Cage;120.62
1997;03/02/1997;5;Italy;Cage;120.62
1997;27/01/1997;4;Italy;Cage;120.62
1997;20/01/1997;3;Italy;Cage;120.62
1997;13/01/1997;2;Italy;Cage;123.03
1997;06/01/1997;1;Italy;Cage;131.88
